{
  "cipher": "speck3264",
  "scenario": "related-key",
  "rounds": 4,
  "pairs": 1,
  "input_difference": "0x400000",
  "input_diff_int": 4194304,
  "key_bit": 25,
  "samples": 20000,
  "pca_components": 16,
  "kmeans_k": 2,
  "use_gpu": true,
  "results": {
    "pca_explained_variance_ratio": [
      0.036004360765218735,
      0.01778501830995083,
      0.016506332904100418,
      0.01576608046889305,
      0.015220004133880138,
      0.015036790631711483,
      0.014826257713139057,
      0.014669186435639858,
      0.01459481567144394,
      0.014286686666309834
    ],
    "kmeans_inertia": 106893.9375,
    "kmeans_silhouette": 0.13494235277175903,
    "accuracy_vs_true": 0.16805,
    "adjusted_rand_index": 0.4407369089804451
  },
  "timing": {
    "total_seconds": 48.26781177520752,
    "data_generation_seconds": 4.449380874633789
  },
  "auto_sweep": {
    "used": false,
    "metric": null,
    "sweep_samples": null
  }
}