{
  "cipher": "simmeck3264",
  "scenario": "related-key",
  "rounds": 12,
  "pairs": 16,
  "input_difference": "0x40",
  "input_diff_int": 64,
  "key_bit": 57,
  "samples": 20000,
  "pca_components": 16,
  "kmeans_k": 2,
  "use_gpu": true,
  "results": {
    "pca_explained_variance_ratio": [
      0.0012749406741932034,
      0.001008559949696064,
      0.0010057867038995028,
      0.0010013229912146926,
      0.0009921086020767689,
      0.0009894870454445481,
      0.0009858905104920268,
      0.0009829485788941383,
      0.0009816406527534127,
      0.0009787168819457293
    ],
    "kmeans_inertia": 116333.421875,
    "kmeans_silhouette": 0.05238569155335426,
    "accuracy_vs_true": 0.79,
    "adjusted_rand_index": 0.3363668415956211
  },
  "timing": {
    "total_seconds": 50.84001302719116,
    "data_generation_seconds": 5.053528785705566
  },
  "auto_sweep": {
    "used": false,
    "metric": null,
    "sweep_samples": null
  }
}