{
  "cipher": "present80",
  "scenario": "related-key",
  "rounds": 5,
  "pairs": 1,
  "input_difference": "0x0000000000000080",
  "input_diff_int": 128,
  "key_bit": 56,
  "samples": 20000,
  "pca_components": 16,
  "kmeans_k": 2,
  "use_gpu": true,
  "results": {
    "pca_explained_variance_ratio": [
      0.07251331210136414,
      0.010461488738656044,
      0.009059013798832893,
      0.008972094394266605,
      0.008905786089599133,
      0.008887285366654396,
      0.008822107687592506,
      0.008794570341706276,
      0.00875337515026331,
      0.008739407174289227
    ],
    "kmeans_inertia": 121372.9140625,
    "kmeans_silhouette": 0.31249892711639404,
    "accuracy_vs_true": 1.0,
    "adjusted_rand_index": 1.0
  },
  "timing": {
    "total_seconds": 125.06611585617065,
    "data_generation_seconds": 4.980624198913574
  },
  "auto_sweep": {
    "used": false,
    "metric": null,
    "sweep_samples": null
  }
}