{
  "cipher": "present80",
  "scenario": "single-key",
  "rounds": 5,
  "pairs": 8,
  "input_difference": "0x90000000001",
  "input_diff_int": 9895604649985,
  "key_bit": null,
  "samples": 50000,
  "pca_components": 16,
  "kmeans_k": 2,
  "use_gpu": true,
  "results": {
    "pca_explained_variance_ratio": [
      0.0027572026010602713,
      0.0010334048420190811,
      0.0010191384935751557,
      0.0010139573132619262,
      0.000998306437395513,
      0.0009844561573117971,
      0.0009579839534126222,
      0.0009514505509287119,
      0.0009283639374189079,
      0.0009211227879859507
    ],
    "kmeans_inertia": 284786.4375,
    "kmeans_silhouette": 0.12098042666912079,
    "accuracy_vs_true": 0.92824,
    "adjusted_rand_index": 0.7335526873998746
  },
  "timing": {
    "total_seconds": 253.5254728794098,
    "data_generation_seconds": 20.166466236114502
  },
  "auto_sweep": {
    "used": false,
    "metric": null,
    "sweep_samples": null
  }
}