{
  "cipher": "speck3264",
  "scenario": "single-key",
  "rounds": 5,
  "pairs": 8,
  "input_difference": "0x400000",
  "input_diff_int": 4194304,
  "key_bit": null,
  "samples": 50000,
  "pca_components": 16,
  "kmeans_k": 2,
  "use_gpu": true,
  "results": {
    "pca_explained_variance_ratio": [
      0.006365460343658924,
      0.001999742817133665,
      0.0019784707110375166,
      0.0019647139124572277,
      0.001953552709892392,
      0.001939181936904788,
      0.0019245933508500457,
      0.0018979581072926521,
      0.0018932574894279242,
      0.0018828802276402712
    ],
    "kmeans_inertia": 285777.375,
    "kmeans_silhouette": 0.14416220784187317,
    "accuracy_vs_true": 0.94232,
    "adjusted_rand_index": 0.7825836043324335
  },
  "timing": {
    "total_seconds": 194.33356189727783,
    "data_generation_seconds": 14.274235010147095
  },
  "auto_sweep": {
    "used": false,
    "metric": null,
    "sweep_samples": null
  }
}