{
  "cipher": "simmeck3264",
  "scenario": "related-key",
  "rounds": 11,
  "pairs": 16,
  "input_difference": "0x40",
  "input_diff_int": 64,
  "key_bit": 57,
  "samples": 20000,
  "pca_components": 16,
  "kmeans_k": 2,
  "use_gpu": true,
  "results": {
    "pca_explained_variance_ratio": [
      0.004696947988122702,
      0.0011284142965450883,
      0.0011193404207006097,
      0.001093850121833384,
      0.001090372446924448,
      0.0010840458562597632,
      0.0010714393574744463,
      0.0010670940391719341,
      0.00106459716334939,
      0.0010487083345651627
    ],
    "kmeans_inertia": 125635.578125,
    "kmeans_silhouette": 0.19051094353199005,
    "accuracy_vs_true": 0.00305,
    "adjusted_rand_index": 0.9878366018109261
  },
  "timing": {
    "total_seconds": 44.75244164466858,
    "data_generation_seconds": 3.6585097312927246
  },
  "auto_sweep": {
    "used": false,
    "metric": null,
    "sweep_samples": null
  }
}