{
  "cipher": "simmeck3264",
  "scenario": "related-key",
  "rounds": 15,
  "pairs": 8,
  "input_difference": "0x40",
  "input_diff_int": 64,
  "key_bit": 57,
  "samples": 20000,
  "pca_components": 16,
  "kmeans_k": 2,
  "use_gpu": true,
  "results": {
    "pca_explained_variance_ratio": [
      0.001787655521184206,
      0.001762382686138153,
      0.0017578685656189919,
      0.0017544948495924473,
      0.0017421516822651029,
      0.0017369756242260337,
      0.0017307800007984042,
      0.0017194508109241724,
      0.0017101456178352237,
      0.0017049681628122926
    ],
    "kmeans_inertia": 101335.7109375,
    "kmeans_silhouette": 0.04163748025894165,
    "accuracy_vs_true": 0.49845,
    "adjusted_rand_index": -4.039213911775829e-05
  },
  "timing": {
    "total_seconds": 51.12195348739624,
    "data_generation_seconds": 6.970799446105957
  },
  "auto_sweep": {
    "used": false,
    "metric": null,
    "sweep_samples": null
  }
}