{
  "cipher": "speck3264",
  "scenario": "related-key",
  "rounds": 4,
  "pairs": 8,
  "input_difference": "0x400000",
  "input_diff_int": 4194304,
  "key_bit": 25,
  "samples": 20000,
  "pca_components": 16,
  "kmeans_k": 2,
  "use_gpu": true,
  "results": {
    "pca_explained_variance_ratio": [
      0.02051408216357231,
      0.002814745530486107,
      0.00279092020355165,
      0.0027505853213369846,
      0.0027273898012936115,
      0.0027149540837854147,
      0.002680258359760046,
      0.0026031003799289465,
      0.00232851249165833,
      0.002293976955115795
    ],
    "kmeans_inertia": 146572.109375,
    "kmeans_silhouette": 0.2986363470554352,
    "accuracy_vs_true": 0.9942,
    "adjusted_rand_index": 0.9769334067678688
  },
  "timing": {
    "total_seconds": 49.58353614807129,
    "data_generation_seconds": 4.48380970954895
  },
  "auto_sweep": {
    "used": false,
    "metric": null,
    "sweep_samples": null
  }
}