{
  "cipher": "present80",
  "scenario": "related-key",
  "rounds": 6,
  "pairs": 1,
  "input_difference": "0x0000000000000080",
  "input_diff_int": 128,
  "key_bit": 56,
  "samples": 20000,
  "pca_components": 16,
  "kmeans_k": 2,
  "use_gpu": true,
  "results": {
    "pca_explained_variance_ratio": [
      0.02818518690764904,
      0.020024847239255905,
      0.013210570439696312,
      0.012598521076142788,
      0.011930921114981174,
      0.010903763584792614,
      0.009409628808498383,
      0.009198741987347603,
      0.008383066393435001,
      0.007635668385773897
    ],
    "kmeans_inertia": 144065.8125,
    "kmeans_silhouette": 0.1543838083744049,
    "accuracy_vs_true": 0.94985,
    "adjusted_rand_index": 0.8094506104912504
  },
  "timing": {
    "total_seconds": 121.38958382606506,
    "data_generation_seconds": 6.800009727478027
  },
  "auto_sweep": {
    "used": false,
    "metric": null,
    "sweep_samples": null
  }
}