{
  "cipher": "present80",
  "scenario": "related-key",
  "rounds": 8,
  "pairs": 2,
  "input_difference": "0x0000000000000080",
  "input_diff_int": 128,
  "key_bit": 56,
  "samples": 20000,
  "pca_components": 16,
  "kmeans_k": 2,
  "use_gpu": true,
  "results": {
    "pca_explained_variance_ratio": [
      0.0036536185070872307,
      0.003368047531694174,
      0.003244206542149186,
      0.0032340933103114367,
      0.0032018302008509636,
      0.003178407670930028,
      0.0031579076312482357,
      0.0031572512816637754,
      0.0031523103825747967,
      0.0031408939976245165
    ],
    "kmeans_inertia": 93709.4921875,
    "kmeans_silhouette": 0.04496992006897926,
    "accuracy_vs_true": 0.42725,
    "adjusted_rand_index": 0.021121542782274766
  },
  "timing": {
    "total_seconds": 119.07397556304932,
    "data_generation_seconds": 5.6237852573394775
  },
  "auto_sweep": {
    "used": false,
    "metric": null,
    "sweep_samples": null
  }
}