{
  "cipher": "present80",
  "scenario": "related-key",
  "rounds": 7,
  "pairs": 4,
  "input_difference": "0x0000000000000080",
  "input_diff_int": 128,
  "key_bit": 56,
  "samples": 20000,
  "pca_components": 16,
  "kmeans_k": 2,
  "use_gpu": true,
  "results": {
    "pca_explained_variance_ratio": [
      0.005755527876317501,
      0.003239186480641365,
      0.0031658471561968327,
      0.0031484162900596857,
      0.0029216345865279436,
      0.002551587065681815,
      0.002523395698517561,
      0.0024711973965168,
      0.002328118309378624,
      0.0022108308039605618
    ],
    "kmeans_inertia": 146206.0,
    "kmeans_silhouette": 0.13499976694583893,
    "accuracy_vs_true": 0.11945,
    "adjusted_rand_index": 0.5792528404198753
  },
  "timing": {
    "total_seconds": 31.319997310638428,
    "data_generation_seconds": 3.3453176021575928
  },
  "auto_sweep": {
    "used": false,
    "metric": null,
    "sweep_samples": null
  }
}