{
  "cipher": "present80",
  "scenario": "related-key",
  "rounds": 6,
  "pairs": 4,
  "input_difference": "0x0000000000000080",
  "input_diff_int": 128,
  "key_bit": 56,
  "samples": 20000,
  "pca_components": 16,
  "kmeans_k": 2,
  "use_gpu": true,
  "results": {
    "pca_explained_variance_ratio": [
      0.023021679371595383,
      0.005209293216466904,
      0.00517855491489172,
      0.005130887497216463,
      0.005088877864181995,
      0.003531163325533271,
      0.003466395428404212,
      0.0034202991519123316,
      0.003401251509785652,
      0.0032549959141761065
    ],
    "kmeans_inertia": 217074.234375,
    "kmeans_silhouette": 0.2871689796447754,
    "accuracy_vs_true": 0.99955,
    "adjusted_rand_index": 0.9982007200315473
  },
  "timing": {
    "total_seconds": 31.927932739257812,
    "data_generation_seconds": 3.673311948776245
  },
  "auto_sweep": {
    "used": false,
    "metric": null,
    "sweep_samples": null
  }
}