{
  "cipher": "simmeck3264",
  "scenario": "related-key",
  "rounds": 7,
  "pairs": 8,
  "input_difference": "0x40",
  "input_diff_int": 64,
  "key_bit": 9,
  "samples": 50000,
  "pca_components": 16,
  "kmeans_k": 2,
  "use_gpu": true,
  "results": {
    "pca_explained_variance_ratio": [
      0.005354699213057756,
      0.0020036613568663597,
      0.0019907942041754723,
      0.00196487526409328,
      0.0019580041989684105,
      0.0019364459440112114,
      0.0018902895972132683,
      0.0018751546740531921,
      0.0018375928048044443,
      0.0017267287475988269
    ],
    "kmeans_inertia": 269274.9375,
    "kmeans_silhouette": 0.129303440451622,
    "accuracy_vs_true": 0.97322,
    "adjusted_rand_index": 0.895746589947742
  },
  "timing": {
    "total_seconds": 139.28732299804688,
    "data_generation_seconds": 8.234265804290771
  },
  "auto_sweep": {
    "used": false,
    "metric": null,
    "sweep_samples": null
  }
}