{
  "cipher": "present80",
  "scenario": "related-key",
  "rounds": 7,
  "pairs": 8,
  "input_difference": "0xd000000000",
  "input_diff_int": 893353197568,
  "key_bit": 67,
  "samples": 50000,
  "pca_components": 16,
  "kmeans_k": 2,
  "use_gpu": true,
  "results": {
    "pca_explained_variance_ratio": [
      0.0008478155359625816,
      0.0008468012674711645,
      0.0008444309933111072,
      0.0008414049516431987,
      0.0008403732790611684,
      0.0008380912477150559,
      0.0008345423848368227,
      0.0008319197222590446,
      0.0008311879937537014,
      0.0008284131763502955
    ],
    "kmeans_inertia": 245261.09375,
    "kmeans_silhouette": 0.04056983068585396,
    "accuracy_vs_true": 0.49536,
    "adjusted_rand_index": 6.611934749224088e-05
  },
  "timing": {
    "total_seconds": 163.74904322624207,
    "data_generation_seconds": 13.348183393478394
  },
  "auto_sweep": {
    "used": false,
    "metric": null,
    "sweep_samples": null
  }
}