{
  "cipher": "present80",
  "scenario": "related-key",
  "rounds": 5,
  "pairs": 8,
  "input_difference": "0xd000000000",
  "input_diff_int": 893353197568,
  "key_bit": 67,
  "samples": 50000,
  "pca_components": 16,
  "kmeans_k": 2,
  "use_gpu": true,
  "results": {
    "pca_explained_variance_ratio": [
      0.012452572584152222,
      0.0015324264531955123,
      0.0015248636482283473,
      0.0014950678450986743,
      0.001479829428717494,
      0.0014714671997353435,
      0.0014602567534893751,
      0.0014450239250436425,
      0.0014194983523339033,
      0.001396966865286231
    ],
    "kmeans_inertia": 425521.25,
    "kmeans_silhouette": 0.3145960569381714,
    "accuracy_vs_true": 0.00254,
    "adjusted_rand_index": 0.9898656037132513
  },
  "timing": {
    "total_seconds": 195.9129900932312,
    "data_generation_seconds": 10.254639625549316
  },
  "auto_sweep": {
    "used": false,
    "metric": null,
    "sweep_samples": null
  }
}