{
  "cipher": "simmeck3264",
  "scenario": "related-key",
  "rounds": 11,
  "pairs": 4,
  "input_difference": "0x40",
  "input_diff_int": 64,
  "key_bit": 57,
  "samples": 20000,
  "pca_components": 16,
  "kmeans_k": 2,
  "use_gpu": true,
  "results": {
    "pca_explained_variance_ratio": [
      0.00628644460812211,
      0.004064340144395828,
      0.004050507675856352,
      0.0040135872550308704,
      0.0039317370392382145,
      0.0035877579357475042,
      0.0034958748146891594,
      0.0034487720113247633,
      0.003399644745513797,
      0.0033858991228044033
    ],
    "kmeans_inertia": 104777.9453125,
    "kmeans_silhouette": 0.07535267621278763,
    "accuracy_vs_true": 0.10545,
    "adjusted_rand_index": 0.6226599680250322
  },
  "timing": {
    "total_seconds": 47.30314087867737,
    "data_generation_seconds": 6.154123067855835
  },
  "auto_sweep": {
    "used": false,
    "metric": null,
    "sweep_samples": null
  }
}