{
  "cipher": "simmeck3264",
  "scenario": "related-key",
  "rounds": 15,
  "pairs": 8,
  "input_difference": "0x40",
  "input_diff_int": 64,
  "key_bit": 9,
  "samples": 50000,
  "pca_components": 16,
  "kmeans_k": 2,
  "use_gpu": true,
  "results": {
    "pca_explained_variance_ratio": [
      0.0015500084264203906,
      0.0015493276296183467,
      0.001546909217722714,
      0.0015384303405880928,
      0.0015307723078876734,
      0.0015270337462425232,
      0.0015265168622136116,
      0.0015232648001983762,
      0.001520675141364336,
      0.0015165226068347692
    ],
    "kmeans_inertia": 224253.3125,
    "kmeans_silhouette": 0.04060191288590431,
    "accuracy_vs_true": 0.50228,
    "adjusted_rand_index": 7.934416574871467e-07
  },
  "timing": {
    "total_seconds": 158.0981411933899,
    "data_generation_seconds": 9.421505451202393
  },
  "auto_sweep": {
    "used": false,
    "metric": null,
    "sweep_samples": null
  }
}