{
  "cipher": "simmeck3264",
  "scenario": "single-key",
  "rounds": 15,
  "pairs": 8,
  "input_difference": "0x40",
  "input_diff_int": 64,
  "key_bit": null,
  "samples": 50000,
  "pca_components": 16,
  "kmeans_k": 2,
  "use_gpu": true,
  "results": {
    "pca_explained_variance_ratio": [
      0.0015533014666289091,
      0.0015523552428930998,
      0.0015462900046259165,
      0.0015447336481884122,
      0.001538739656098187,
      0.001531787565909326,
      0.0015257978811860085,
      0.0015225110109895468,
      0.0015197668690234423,
      0.0015168145764619112
    ],
    "kmeans_inertia": 224542.671875,
    "kmeans_silhouette": 0.04074148088693619,
    "accuracy_vs_true": 0.50228,
    "adjusted_rand_index": 7.951210833285066e-07
  },
  "timing": {
    "total_seconds": 137.61010265350342,
    "data_generation_seconds": 8.41711974143982
  },
  "auto_sweep": {
    "used": false,
    "metric": null,
    "sweep_samples": null
  }
}