{
  "cipher": "present80",
  "scenario": "related-key",
  "rounds": 5,
  "pairs": 8,
  "input_difference": "0x0000000000000080",
  "input_diff_int": 128,
  "key_bit": 56,
  "samples": 50000,
  "pca_components": 16,
  "kmeans_k": 2,
  "use_gpu": true,
  "results": {
    "pca_explained_variance_ratio": [
      0.07015520334243774,
      0.0013222643174231052,
      0.001316011301241815,
      0.0013104043900966644,
      0.0012981228064745665,
      0.0012654843740165234,
      0.0012518835719674826,
      0.0012201430508866906,
      0.001210724818520248,
      0.0012017246335744858
    ],
    "kmeans_inertia": 338078.9375,
    "kmeans_silhouette": 0.6652634143829346,
    "accuracy_vs_true": 1.0,
    "adjusted_rand_index": 1.0
  },
  "timing": {
    "total_seconds": 174.88782000541687,
    "data_generation_seconds": 9.44746994972229
  },
  "auto_sweep": {
    "used": false,
    "metric": null,
    "sweep_samples": null
  }
}