{
  "cipher": "speck3264",
  "scenario": "related-key",
  "rounds": 7,
  "pairs": 8,
  "input_difference": "0x400000",
  "input_diff_int": 4194304,
  "key_bit": 9,
  "samples": 50000,
  "pca_components": 16,
  "kmeans_k": 2,
  "use_gpu": true,
  "results": {
    "pca_explained_variance_ratio": [
      0.0015562385087832808,
      0.0015444089658558369,
      0.001539829303510487,
      0.0015354419592767954,
      0.0015315599739551544,
      0.0015310406452044845,
      0.0015287117566913366,
      0.0015218760818243027,
      0.0015173598658293486,
      0.0015171774430200458
    ],
    "kmeans_inertia": 224142.9375,
    "kmeans_silhouette": 0.04072800651192665,
    "accuracy_vs_true": 0.49828,
    "adjusted_rand_index": -8.164995127735354e-06
  },
  "timing": {
    "total_seconds": 157.83392930030823,
    "data_generation_seconds": 10.734107255935669
  },
  "auto_sweep": {
    "used": false,
    "metric": null,
    "sweep_samples": null
  }
}