{
  "cipher": "present80",
  "scenario": "single-key",
  "rounds": 8,
  "pairs": 8,
  "input_difference": "0x90000000001",
  "input_diff_int": 9895604649985,
  "key_bit": null,
  "samples": 50000,
  "pca_components": 16,
  "kmeans_k": 2,
  "use_gpu": true,
  "results": {
    "pca_explained_variance_ratio": [
      0.0008456360083073378,
      0.0008427691645920277,
      0.000840526248794049,
      0.0008367381524294615,
      0.0008347805123776197,
      0.0008336814353242517,
      0.0008325254893861711,
      0.000829479715321213,
      0.0008264449425041676,
      0.0008259405149146914
    ],
    "kmeans_inertia": 244449.1875,
    "kmeans_silhouette": 0.04050997644662857,
    "accuracy_vs_true": 0.50194,
    "adjusted_rand_index": -4.946078931058321e-06
  },
  "timing": {
    "total_seconds": 258.63950061798096,
    "data_generation_seconds": 23.24639654159546
  },
  "auto_sweep": {
    "used": false,
    "metric": null,
    "sweep_samples": null
  }
}