{
  "cipher": "present80",
  "scenario": "related-key",
  "rounds": 7,
  "pairs": 8,
  "input_difference": "0x0000000000000080",
  "input_diff_int": 128,
  "key_bit": 56,
  "samples": 50000,
  "pca_components": 16,
  "kmeans_k": 2,
  "use_gpu": true,
  "results": {
    "pca_explained_variance_ratio": [
      0.004592157434672117,
      0.0016291094943881035,
      0.001604721648618579,
      0.0015967220533639193,
      0.001584413694217801,
      0.0015760218957439065,
      0.0015701411757618189,
      0.0015616373857483268,
      0.0014698754530400038,
      0.001280824770219624
    ],
    "kmeans_inertia": 423874.5625,
    "kmeans_silhouette": 0.1730484813451767,
    "accuracy_vs_true": 0.95768,
    "adjusted_rand_index": 0.8378807037347193
  },
  "timing": {
    "total_seconds": 162.29664492607117,
    "data_generation_seconds": 10.631572961807251
  },
  "auto_sweep": {
    "used": false,
    "metric": null,
    "sweep_samples": null
  }
}