epoch,acc,learning_rate,loss,val_acc,val_loss
0,0.9964810013771057,0.0020000000949949026,0.1325269639492035,0.5000500082969666,0.23867449164390564
1,0.9994779825210571,0.0017888889415189624,0.009802773594856262,0.5,0.4956606328487396
2,0.9995309710502625,0.0015777777880430222,0.005957876332104206,0.6060500144958496,0.33873969316482544
3,0.9996280074119568,0.001366666634567082,0.004529254045337439,0.9815700054168701,0.019721589982509613
4,0.9994519948959351,0.0011555555975064635,0.011136729270219803,0.5,0.5045748949050903
5,0.9996230006217957,0.0009444444440305233,0.004892596509307623,0.502780020236969,0.4811631739139557
6,0.9997519850730896,0.000733333348762244,0.002787579782307148,0.5000699758529663,0.4887794256210327
7,0.9998700022697449,0.0005222221952863038,0.002068212954327464,0.5,0.49284061789512634
8,0.9999309778213501,0.00031111110001802444,0.001246142666786909,0.5,0.4911227226257324
