{
  "cipher": "simmeck3264",
  "scenario": "single-key",
  "rounds": 15,
  "pairs": 8,
  "input_difference": "0x20",
  "input_diff_int": 32,
  "key_bit": null,
  "samples": 50000,
  "pca_components": 16,
  "kmeans_k": 2,
  "use_gpu": true,
  "results": {
    "pca_explained_variance_ratio": [
      0.0015526580391451716,
      0.0015447165351361036,
      0.0015433963853865862,
      0.0015360611723735929,
      0.0015285765985026956,
      0.001523787621408701,
      0.0015198081964626908,
      0.0015171917621046305,
      0.001513058552518487,
      0.0015118945157155395
    ],
    "kmeans_inertia": 223713.078125,
    "kmeans_silhouette": 0.04071968421339989,
    "accuracy_vs_true": 0.4964,
    "adjusted_rand_index": 3.184024141750998e-05
  },
  "timing": {
    "total_seconds": 169.86130928993225,
    "data_generation_seconds": 9.315168142318726
  },
  "auto_sweep": {
    "used": false,
    "metric": null,
    "sweep_samples": null
  }
}