{
  "cipher": "present80",
  "scenario": "related-key",
  "rounds": 9,
  "pairs": 8,
  "input_difference": "0xd000000000",
  "input_diff_int": 893353197568,
  "key_bit": 67,
  "samples": 50000,
  "pca_components": 16,
  "kmeans_k": 2,
  "use_gpu": true,
  "results": {
    "pca_explained_variance_ratio": [
      0.0008484276477247477,
      0.0008453542250208557,
      0.0008400491788052022,
      0.0008368944399990141,
      0.0008362228982150555,
      0.0008332935976795852,
      0.0008318742038682103,
      0.0008294639992527664,
      0.0008284935029223561,
      0.0008252428960986435
    ],
    "kmeans_inertia": 244396.4375,
    "kmeans_silhouette": 0.04065059497952461,
    "accuracy_vs_true": 0.5012,
    "adjusted_rand_index": -1.4239964788338759e-05
  },
  "timing": {
    "total_seconds": 154.57426691055298,
    "data_generation_seconds": 9.380417823791504
  },
  "auto_sweep": {
    "used": false,
    "metric": null,
    "sweep_samples": null
  }
}