{
  "cipher": "speck3264",
  "scenario": "related-key",
  "rounds": 5,
  "pairs": 16,
  "input_difference": "0x400000",
  "input_diff_int": 4194304,
  "key_bit": 25,
  "samples": 20000,
  "pca_components": 16,
  "kmeans_k": 2,
  "use_gpu": true,
  "results": {
    "pca_explained_variance_ratio": [
      0.005573107395321131,
      0.0011480211978778243,
      0.0011458026710897684,
      0.0011332461144775152,
      0.0011269120732322335,
      0.0011198868742212653,
      0.001110830227844417,
      0.0011052291374653578,
      0.0011019811499863863,
      0.0010993321193382144
    ],
    "kmeans_inertia": 132897.140625,
    "kmeans_silhouette": 0.19952329993247986,
    "accuracy_vs_true": 0.0156,
    "adjusted_rand_index": 0.9385703703779639
  },
  "timing": {
    "total_seconds": 56.76807951927185,
    "data_generation_seconds": 6.970979452133179
  },
  "auto_sweep": {
    "used": false,
    "metric": null,
    "sweep_samples": null
  }
}