{
  "cipher": "present80",
  "scenario": "related-key",
  "rounds": 6,
  "pairs": 8,
  "input_difference": "0x0000000000000080",
  "input_diff_int": 128,
  "key_bit": 56,
  "samples": 20000,
  "pca_components": 16,
  "kmeans_k": 2,
  "use_gpu": true,
  "results": {
    "pca_explained_variance_ratio": [
      0.022139472886919975,
      0.002699814271181822,
      0.0026464422699064016,
      0.0026307888329029083,
      0.002606770256534219,
      0.002593136625364423,
      0.002586011542007327,
      0.0025459136813879013,
      0.002523583360016346,
      0.001815731986425817
    ],
    "kmeans_inertia": 254459.5,
    "kmeans_silhouette": 0.38251426815986633,
    "accuracy_vs_true": 1.0,
    "adjusted_rand_index": 1.0
  },
  "timing": {
    "total_seconds": 31.29728937149048,
    "data_generation_seconds": 3.430040121078491
  },
  "auto_sweep": {
    "used": false,
    "metric": null,
    "sweep_samples": null
  }
}