{
  "cipher": "simmeck3264",
  "scenario": "single-key",
  "rounds": 13,
  "pairs": 8,
  "input_difference": "0x20",
  "input_diff_int": 32,
  "key_bit": null,
  "samples": 50000,
  "pca_components": 16,
  "kmeans_k": 2,
  "use_gpu": true,
  "results": {
    "pca_explained_variance_ratio": [
      0.0015625529922544956,
      0.0015498790889978409,
      0.0015410289634019136,
      0.001533788163214922,
      0.001532824244350195,
      0.0015270994044840336,
      0.0015205367235466838,
      0.0015176651068031788,
      0.0015166772063821554,
      0.0015143733471632004
    ],
    "kmeans_inertia": 223916.9375,
    "kmeans_silhouette": 0.04098611697554588,
    "accuracy_vs_true": 0.4964,
    "adjusted_rand_index": 3.1840236937473425e-05
  },
  "timing": {
    "total_seconds": 175.30900931358337,
    "data_generation_seconds": 9.027199506759644
  },
  "auto_sweep": {
    "used": false,
    "metric": null,
    "sweep_samples": null
  }
}