{
  "cipher": "speck3264",
  "scenario": "related-key",
  "rounds": 6,
  "pairs": 4,
  "input_difference": "0x400000",
  "input_diff_int": 4194304,
  "key_bit": 25,
  "samples": 20000,
  "pca_components": 16,
  "kmeans_k": 2,
  "use_gpu": true,
  "results": {
    "pca_explained_variance_ratio": [
      0.0034512619022279978,
      0.003402135567739606,
      0.0033735493198037148,
      0.003341882722452283,
      0.003300988581031561,
      0.0032497048377990723,
      0.003233264433220029,
      0.003228053916245699,
      0.003211341332644224,
      0.003186512039974332
    ],
    "kmeans_inertia": 94940.5625,
    "kmeans_silhouette": 0.04304582625627518,
    "accuracy_vs_true": 0.513,
    "adjusted_rand_index": 0.0006260323290242604
  },
  "timing": {
    "total_seconds": 45.986417055130005,
    "data_generation_seconds": 6.587740898132324
  },
  "auto_sweep": {
    "used": false,
    "metric": null,
    "sweep_samples": null
  }
}