{
  "cipher": "present80",
  "scenario": "related-key",
  "rounds": 5,
  "pairs": 8,
  "input_difference": "0x0000000000000080",
  "input_diff_int": 128,
  "key_bit": 56,
  "samples": 20000,
  "pca_components": 16,
  "kmeans_k": 2,
  "use_gpu": true,
  "results": {
    "pca_explained_variance_ratio": [
      0.07013855129480362,
      0.0014174439711496234,
      0.0014089626492932439,
      0.00138697843067348,
      0.0013822115724906325,
      0.0013767133932560682,
      0.0013636875664815307,
      0.0013423373457044363,
      0.0013326271437108517,
      0.0013303087325766683
    ],
    "kmeans_inertia": 147272.3125,
    "kmeans_silhouette": 0.6521926522254944,
    "accuracy_vs_true": 1.0,
    "adjusted_rand_index": 1.0
  },
  "timing": {
    "total_seconds": 31.691097497940063,
    "data_generation_seconds": 3.409149646759033
  },
  "auto_sweep": {
    "used": false,
    "metric": null,
    "sweep_samples": null
  }
}