{
  "cipher": "present80",
  "scenario": "single-key",
  "rounds": 8,
  "pairs": 8,
  "input_difference": "0xd000000000",
  "input_diff_int": 893353197568,
  "key_bit": null,
  "samples": 50000,
  "pca_components": 16,
  "kmeans_k": 2,
  "use_gpu": true,
  "results": {
    "pca_explained_variance_ratio": [
      0.0008448278531432152,
      0.0008425115956924856,
      0.000840010354295373,
      0.0008371036965399981,
      0.0008354887831956148,
      0.0008339802152477205,
      0.0008306090603582561,
      0.0008289393153972924,
      0.0008277496672235429,
      0.0008269466925412416
    ],
    "kmeans_inertia": 244194.125,
    "kmeans_silhouette": 0.04050517454743385,
    "accuracy_vs_true": 0.5024,
    "adjusted_rand_index": 3.039693555642621e-06
  },
  "timing": {
    "total_seconds": 305.59153056144714,
    "data_generation_seconds": 22.827466011047363
  },
  "auto_sweep": {
    "used": false,
    "metric": null,
    "sweep_samples": null
  }
}