{
  "cipher": "simmeck3264",
  "scenario": "related-key",
  "rounds": 15,
  "pairs": 2,
  "input_difference": "0x40",
  "input_diff_int": 64,
  "key_bit": 57,
  "samples": 20000,
  "pca_components": 16,
  "kmeans_k": 2,
  "use_gpu": true,
  "results": {
    "pca_explained_variance_ratio": [
      0.0060427142307162285,
      0.0060002063401043415,
      0.005951948929578066,
      0.005946123972535133,
      0.0059111397713422775,
      0.005863233935087919,
      0.005853301379829645,
      0.005839679390192032,
      0.005771144758909941,
      0.005764158442616463
    ],
    "kmeans_inertia": 85670.0625,
    "kmeans_silhouette": 0.0416678749024868,
    "accuracy_vs_true": 0.4971,
    "adjusted_rand_index": -1.6358709795598624e-05
  },
  "timing": {
    "total_seconds": 47.08084154129028,
    "data_generation_seconds": 5.138699293136597
  },
  "auto_sweep": {
    "used": false,
    "metric": null,
    "sweep_samples": null
  }
}