{
  "cipher": "simmeck3264",
  "scenario": "related-key",
  "rounds": 14,
  "pairs": 1,
  "input_difference": "0x40",
  "input_diff_int": 64,
  "key_bit": 57,
  "samples": 20000,
  "pca_components": 16,
  "kmeans_k": 2,
  "use_gpu": true,
  "results": {
    "pca_explained_variance_ratio": [
      0.011422863230109215,
      0.011318858712911606,
      0.011201407760381699,
      0.01111646369099617,
      0.011085985228419304,
      0.011078758165240288,
      0.011030688881874084,
      0.010945150628685951,
      0.010922091081738472,
      0.010903148911893368
    ],
    "kmeans_inertia": 80748.8359375,
    "kmeans_silhouette": 0.041442375630140305,
    "accuracy_vs_true": 0.5021,
    "adjusted_rand_index": -3.2351634759662864e-05
  },
  "timing": {
    "total_seconds": 52.57568645477295,
    "data_generation_seconds": 6.737999200820923
  },
  "auto_sweep": {
    "used": false,
    "metric": null,
    "sweep_samples": null
  }
}