{
  "cipher": "simmeck3264",
  "scenario": "related-key",
  "rounds": 10,
  "pairs": 8,
  "input_difference": "0x40",
  "input_diff_int": 64,
  "key_bit": 57,
  "samples": 20000,
  "pca_components": 16,
  "kmeans_k": 2,
  "use_gpu": true,
  "results": {
    "pca_explained_variance_ratio": [
      0.016198156401515007,
      0.0022526863031089306,
      0.002225117292255163,
      0.002211055252701044,
      0.0021956998389214277,
      0.0021617345046252012,
      0.002156453439965844,
      0.002140758093446493,
      0.0021209532860666513,
      0.0021147006191313267
    ],
    "kmeans_inertia": 124313.9296875,
    "kmeans_silhouette": 0.2907504737377167,
    "accuracy_vs_true": 0.0002,
    "adjusted_rand_index": 0.9992001200040068
  },
  "timing": {
    "total_seconds": 48.28781318664551,
    "data_generation_seconds": 4.353636264801025
  },
  "auto_sweep": {
    "used": false,
    "metric": null,
    "sweep_samples": null
  }
}