{
  "cipher": "simmeck3264",
  "scenario": "related-key",
  "rounds": 12,
  "pairs": 2,
  "input_difference": "0x40",
  "input_diff_int": 64,
  "key_bit": 57,
  "samples": 20000,
  "pca_components": 16,
  "kmeans_k": 2,
  "use_gpu": true,
  "results": {
    "pca_explained_variance_ratio": [
      0.006451836787164211,
      0.006353990640491247,
      0.006090235430747271,
      0.0060594342648983,
      0.0060228221118450165,
      0.00601010350510478,
      0.0059663658030331135,
      0.005889675114303827,
      0.005855188239365816,
      0.00584419583901763
    ],
    "kmeans_inertia": 86934.8359375,
    "kmeans_silhouette": 0.04620552808046341,
    "accuracy_vs_true": 0.52495,
    "adjusted_rand_index": 0.0024404624757566468
  },
  "timing": {
    "total_seconds": 51.56878328323364,
    "data_generation_seconds": 7.0878822803497314
  },
  "auto_sweep": {
    "used": false,
    "metric": null,
    "sweep_samples": null
  }
}