{
  "cipher": "simmeck3264",
  "scenario": "related-key",
  "rounds": 14,
  "pairs": 16,
  "input_difference": "0x40",
  "input_diff_int": 64,
  "key_bit": 57,
  "samples": 20000,
  "pca_components": 16,
  "kmeans_k": 2,
  "use_gpu": true,
  "results": {
    "pca_explained_variance_ratio": [
      0.0010023526847362518,
      0.0010016487212851644,
      0.0009942029137164354,
      0.000991920125670731,
      0.0009902662131935358,
      0.0009849551133811474,
      0.0009821229614317417,
      0.000979371601715684,
      0.000978501746430993,
      0.000975505739916116
    ],
    "kmeans_inertia": 115365.484375,
    "kmeans_silhouette": 0.04122089967131615,
    "accuracy_vs_true": 0.50265,
    "adjusted_rand_index": -2.1913555354647965e-05
  },
  "timing": {
    "total_seconds": 42.514169692993164,
    "data_generation_seconds": 5.9966349601745605
  },
  "auto_sweep": {
    "used": false,
    "metric": null,
    "sweep_samples": null
  }
}