{
  "cipher": "present80",
  "scenario": "related-key",
  "rounds": 6,
  "pairs": 2,
  "input_difference": "0x0000000000000080",
  "input_diff_int": 128,
  "key_bit": 56,
  "samples": 20000,
  "pca_components": 16,
  "kmeans_k": 2,
  "use_gpu": true,
  "results": {
    "pca_explained_variance_ratio": [
      0.02454555407166481,
      0.010465288534760475,
      0.010088092647492886,
      0.006867281161248684,
      0.006674232427030802,
      0.006353897042572498,
      0.006277019623667002,
      0.006025980692356825,
      0.005903101060539484,
      0.005463769193738699
    ],
    "kmeans_inertia": 180023.90625,
    "kmeans_silhouette": 0.20937272906303406,
    "accuracy_vs_true": 0.0094,
    "adjusted_rand_index": 0.9627515779390327
  },
  "timing": {
    "total_seconds": 121.51231408119202,
    "data_generation_seconds": 3.9721295833587646
  },
  "auto_sweep": {
    "used": false,
    "metric": null,
    "sweep_samples": null
  }
}