{
  "cipher": "simmeck3264",
  "scenario": "single-key",
  "rounds": 5,
  "pairs": 8,
  "input_difference": "0x400000",
  "input_diff_int": 4194304,
  "key_bit": 25,
  "samples": 100000,
  "pca_components": 16,
  "kmeans_k": 2,
  "use_gpu": true,
  "results": {
    "pca_explained_variance_ratio": [
      0.01651177704526925,
      0.0020332182344788867,
      0.002019032552276041,
      0.0020175029466283525,
      0.0020029815074111214,
      0.0019967713456730545,
      0.001991917642273103,
      0.0019849029034187185,
      0.0019787026594263067,
      0.0019649839377480828
    ],
    "kmeans_inertia": 577673.75,
    "kmeans_silhouette": 0.30762776732444763,
    "accuracy_vs_true": 0.99985,
    "adjusted_rand_index": 0.9994000840007804
  },
  "timing": {
    "total_seconds": 719.5571308135986,
    "data_generation_seconds": 31.541759490966797
  },
  "auto_sweep": {
    "used": false,
    "metric": null,
    "sweep_samples": null
  }
}