{
  "cipher": "simmeck3264",
  "scenario": "related-key",
  "rounds": 11,
  "pairs": 1,
  "input_difference": "0x40",
  "input_diff_int": 64,
  "key_bit": 57,
  "samples": 20000,
  "pca_components": 16,
  "kmeans_k": 2,
  "use_gpu": true,
  "results": {
    "pca_explained_variance_ratio": [
      0.015478021465241909,
      0.014550221152603626,
      0.013128489255905151,
      0.01259542815387249,
      0.01222829706966877,
      0.011624108068645,
      0.01137570384889841,
      0.011300038546323776,
      0.011210606433451176,
      0.01112081203609705
    ],
    "kmeans_inertia": 84911.2734375,
    "kmeans_silhouette": 0.06331931054592133,
    "accuracy_vs_true": 0.46065,
    "adjusted_rand_index": 0.00614423201232421
  },
  "timing": {
    "total_seconds": 50.084497690200806,
    "data_generation_seconds": 6.2018632888793945
  },
  "auto_sweep": {
    "used": false,
    "metric": null,
    "sweep_samples": null
  }
}