{
  "cipher": "simmeck3264",
  "scenario": "single-key",
  "rounds": 7,
  "pairs": 8,
  "input_difference": "0x20",
  "input_diff_int": 32,
  "key_bit": null,
  "samples": 50000,
  "pca_components": 16,
  "kmeans_k": 2,
  "use_gpu": true,
  "results": {
    "pca_explained_variance_ratio": [
      0.005356297828257084,
      0.0020030084997415543,
      0.001988273346796632,
      0.001965147443115711,
      0.0019235003273934126,
      0.001910002320073545,
      0.0018677616026252508,
      0.0018527868669480085,
      0.0018296493217349052,
      0.0017408981220796704
    ],
    "kmeans_inertia": 269697.53125,
    "kmeans_silhouette": 0.12870493531227112,
    "accuracy_vs_true": 0.02812,
    "adjusted_rand_index": 0.8906807530457979
  },
  "timing": {
    "total_seconds": 155.3066611289978,
    "data_generation_seconds": 9.961514711380005
  },
  "auto_sweep": {
    "used": false,
    "metric": null,
    "sweep_samples": null
  }
}