{
  "cipher": "speck3264",
  "scenario": "related-key",
  "rounds": 6,
  "pairs": 1,
  "input_difference": "0x400000",
  "input_diff_int": 4194304,
  "key_bit": 25,
  "samples": 20000,
  "pca_components": 16,
  "kmeans_k": 2,
  "use_gpu": true,
  "results": {
    "pca_explained_variance_ratio": [
      0.01269583497196436,
      0.01202271319925785,
      0.011818313039839268,
      0.01164137665182352,
      0.011422952637076378,
      0.01130465604364872,
      0.011181664653122425,
      0.011129191145300865,
      0.011085695587098598,
      0.011046036146581173
    ],
    "kmeans_inertia": 82125.09375,
    "kmeans_silhouette": 0.04864317178726196,
    "accuracy_vs_true": 0.50615,
    "adjusted_rand_index": 0.00010129828924904285
  },
  "timing": {
    "total_seconds": 49.28690314292908,
    "data_generation_seconds": 6.069390535354614
  },
  "auto_sweep": {
    "used": false,
    "metric": null,
    "sweep_samples": null
  }
}