{
  "cipher": "simmeck3264",
  "scenario": "related-key",
  "rounds": 13,
  "pairs": 8,
  "input_difference": "0x40",
  "input_diff_int": 64,
  "key_bit": 57,
  "samples": 20000,
  "pca_components": 16,
  "kmeans_k": 2,
  "use_gpu": true,
  "results": {
    "pca_explained_variance_ratio": [
      0.0017665375489741564,
      0.001760061364620924,
      0.0017537984531372786,
      0.0017396549228578806,
      0.0017353817820549011,
      0.001725260866805911,
      0.0017176856053993106,
      0.0017160935094580054,
      0.0017129714833572507,
      0.0017044178675860167
    ],
    "kmeans_inertia": 101054.1640625,
    "kmeans_silhouette": 0.040935322642326355,
    "accuracy_vs_true": 0.4998,
    "adjusted_rand_index": -4.98412939450814e-05
  },
  "timing": {
    "total_seconds": 51.86867642402649,
    "data_generation_seconds": 4.395719766616821
  },
  "auto_sweep": {
    "used": false,
    "metric": null,
    "sweep_samples": null
  }
}