{
  "cipher": "present80",
  "scenario": "related-key",
  "rounds": 8,
  "pairs": 8,
  "input_difference": "0x100000000000000000000000000000180",
  "input_diff_int": 340282366920938463463374607431768211840,
  "key_bit": 48,
  "samples": 50000,
  "pca_components": 16,
  "kmeans_k": 2,
  "use_gpu": true,
  "results": {
    "pca_explained_variance_ratio": [
      0.0008505634614266455,
      0.0008420587982982397,
      0.0008403265965171158,
      0.0008389230351895094,
      0.0008361635846085846,
      0.0008349703857675195,
      0.000832234974950552,
      0.0008315737941302359,
      0.0008312303107231855,
      0.0008266591466963291
    ],
    "kmeans_inertia": 244839.875,
    "kmeans_silhouette": 0.040557779371738434,
    "accuracy_vs_true": 0.50244,
    "adjusted_rand_index": 3.814721546400415e-06
  },
  "timing": {
    "total_seconds": 226.47224736213684,
    "data_generation_seconds": 16.772059679031372
  },
  "auto_sweep": {
    "used": false,
    "metric": null,
    "sweep_samples": null
  }
}