{
  "cipher": "speck3264",
  "scenario": "single-key",
  "rounds": 7,
  "pairs": 8,
  "input_difference": "0x400000",
  "input_diff_int": 4194304,
  "key_bit": null,
  "samples": 50000,
  "pca_components": 16,
  "kmeans_k": 2,
  "use_gpu": true,
  "results": {
    "pca_explained_variance_ratio": [
      0.0015614288859069347,
      0.001551590277813375,
      0.0015444913879036903,
      0.0015398827381432056,
      0.0015336975920945406,
      0.0015305307460948825,
      0.001525380532257259,
      0.0015220792265608907,
      0.0015189835103228688,
      0.001515527837909758
    ],
    "kmeans_inertia": 224245.015625,
    "kmeans_silhouette": 0.04077433794736862,
    "accuracy_vs_true": 0.49854,
    "adjusted_rand_index": -1.1473271719880522e-05
  },
  "timing": {
    "total_seconds": 221.36834931373596,
    "data_generation_seconds": 11.449029207229614
  },
  "auto_sweep": {
    "used": false,
    "metric": null,
    "sweep_samples": null
  }
}