{
  "cipher": "speck3264",
  "scenario": "related-key",
  "rounds": 4,
  "pairs": 16,
  "input_difference": "0x400000",
  "input_diff_int": 4194304,
  "key_bit": 25,
  "samples": 20000,
  "pca_components": 16,
  "kmeans_k": 2,
  "use_gpu": true,
  "results": {
    "pca_explained_variance_ratio": [
      0.019679097458720207,
      0.001465537934564054,
      0.0014378066407516599,
      0.0014319478068500757,
      0.0014278640737757087,
      0.001416052458807826,
      0.0014087090967223048,
      0.0013994495384395123,
      0.001379208522848785,
      0.0013705207966268063
    ],
    "kmeans_inertia": 163473.03125,
    "kmeans_silhouette": 0.40882864594459534,
    "accuracy_vs_true": 0.0003,
    "adjusted_rand_index": 0.9988003000120228
  },
  "timing": {
    "total_seconds": 53.350242137908936,
    "data_generation_seconds": 4.432571649551392
  },
  "auto_sweep": {
    "used": false,
    "metric": null,
    "sweep_samples": null
  }
}