{
  "cipher": "speck3264",
  "scenario": "related-key",
  "rounds": 4,
  "pairs": 2,
  "input_difference": "0x400000",
  "input_diff_int": 4194304,
  "key_bit": 25,
  "samples": 20000,
  "pca_components": 16,
  "kmeans_k": 2,
  "use_gpu": true,
  "results": {
    "pca_explained_variance_ratio": [
      0.02691248618066311,
      0.010665129870176315,
      0.009030254557728767,
      0.008769940584897995,
      0.008179517462849617,
      0.008147433400154114,
      0.008022289723157883,
      0.007898087613284588,
      0.007855935022234917,
      0.00778375007212162
    ],
    "kmeans_inertia": 120243.859375,
    "kmeans_silhouette": 0.15858003497123718,
    "accuracy_vs_true": 0.09245,
    "adjusted_rand_index": 0.664371627302468
  },
  "timing": {
    "total_seconds": 33.66027045249939,
    "data_generation_seconds": 3.726644515991211
  },
  "auto_sweep": {
    "used": false,
    "metric": null,
    "sweep_samples": null
  }
}