{
  "cipher": "present80",
  "scenario": "related-key",
  "rounds": 7,
  "pairs": 1,
  "input_difference": "0x0000000000000080",
  "input_diff_int": 128,
  "key_bit": 56,
  "samples": 20000,
  "pca_components": 16,
  "kmeans_k": 2,
  "use_gpu": true,
  "results": {
    "pca_explained_variance_ratio": [
      0.013603617437183857,
      0.0107450932264328,
      0.009252944029867649,
      0.007857059128582478,
      0.006579793989658356,
      0.006520973518490791,
      0.006420574150979519,
      0.006387346424162388,
      0.006307668052613735,
      0.0062257698737084866
    ],
    "kmeans_inertia": 103091.6796875,
    "kmeans_silhouette": 0.13171568512916565,
    "accuracy_vs_true": 0.64425,
    "adjusted_rand_index": 0.08320182379823252
  },
  "timing": {
    "total_seconds": 101.79740619659424,
    "data_generation_seconds": 3.5928385257720947
  },
  "auto_sweep": {
    "used": false,
    "metric": null,
    "sweep_samples": null
  }
}