{
  "cipher": "simmeck3264",
  "scenario": "related-key",
  "rounds": 10,
  "pairs": 1,
  "input_difference": "0x40",
  "input_diff_int": 64,
  "key_bit": 57,
  "samples": 20000,
  "pca_components": 16,
  "kmeans_k": 2,
  "use_gpu": true,
  "results": {
    "pca_explained_variance_ratio": [
      0.02370237372815609,
      0.01589180715382099,
      0.015678586438298225,
      0.015539467334747314,
      0.01504458300769329,
      0.014636432752013206,
      0.014111626893281937,
      0.01299145445227623,
      0.012787473388016224,
      0.012677698396146297
    ],
    "kmeans_inertia": 97000.15625,
    "kmeans_silhouette": 0.07400627434253693,
    "accuracy_vs_true": 0.1045,
    "adjusted_rand_index": 0.625662410510982
  },
  "timing": {
    "total_seconds": 47.93885517120361,
    "data_generation_seconds": 3.9681520462036133
  },
  "auto_sweep": {
    "used": false,
    "metric": null,
    "sweep_samples": null
  }
}