{
  "cipher": "present80",
  "scenario": "related-key",
  "rounds": 5,
  "pairs": 8,
  "input_difference": "0x100000000000000000000000000000180",
  "input_diff_int": 340282366920938463463374607431768211840,
  "key_bit": 15,
  "samples": 50000,
  "pca_components": 16,
  "kmeans_k": 2,
  "use_gpu": true,
  "results": {
    "pca_explained_variance_ratio": [
      0.0008495279471389949,
      0.000845845032017678,
      0.000841554079670459,
      0.0008412668248638511,
      0.0008390102302655578,
      0.0008375697652809322,
      0.000835957529488951,
      0.0008330197306349874,
      0.000831899989861995,
      0.0008296378655359149
    ],
    "kmeans_inertia": 245385.578125,
    "kmeans_silhouette": 0.040288858115673065,
    "accuracy_vs_true": 0.5066,
    "adjusted_rand_index": 0.00015424596133302014
  },
  "timing": {
    "total_seconds": 294.6167194843292,
    "data_generation_seconds": 18.822994232177734
  },
  "auto_sweep": {
    "used": false,
    "metric": null,
    "sweep_samples": null
  }
}