{
  "cipher": "simmeck3264",
  "scenario": "related-key",
  "rounds": 13,
  "pairs": 16,
  "input_difference": "0x40",
  "input_diff_int": 64,
  "key_bit": 57,
  "samples": 20000,
  "pca_components": 16,
  "kmeans_k": 2,
  "use_gpu": true,
  "results": {
    "pca_explained_variance_ratio": [
      0.0010008845711126924,
      0.0009966850047931075,
      0.0009929159423336387,
      0.0009914885740727186,
      0.000986661878414452,
      0.000983386067673564,
      0.0009791817283257842,
      0.000977444346062839,
      0.0009744484559632838,
      0.000972987909335643
    ],
    "kmeans_inertia": 115065.1015625,
    "kmeans_silhouette": 0.04075217992067337,
    "accuracy_vs_true": 0.50195,
    "adjusted_rand_index": -3.4782837887246985e-05
  },
  "timing": {
    "total_seconds": 44.869075298309326,
    "data_generation_seconds": 7.970017194747925
  },
  "auto_sweep": {
    "used": false,
    "metric": null,
    "sweep_samples": null
  }
}