{
  "cipher": "simmeck3264",
  "scenario": "related-key",
  "rounds": 15,
  "pairs": 1,
  "input_difference": "0x40",
  "input_diff_int": 64,
  "key_bit": 57,
  "samples": 20000,
  "pca_components": 16,
  "kmeans_k": 2,
  "use_gpu": true,
  "results": {
    "pca_explained_variance_ratio": [
      0.011432373896241188,
      0.011386629194021225,
      0.011226263828575611,
      0.011192254722118378,
      0.011159908957779408,
      0.01111705880612135,
      0.011032035574316978,
      0.010974469594657421,
      0.010930384509265423,
      0.010922431945800781
    ],
    "kmeans_inertia": 80790.2109375,
    "kmeans_silhouette": 0.04161401838064194,
    "accuracy_vs_true": 0.5032,
    "adjusted_rand_index": -8.997345324235482e-06
  },
  "timing": {
    "total_seconds": 49.42772722244263,
    "data_generation_seconds": 7.034650087356567
  },
  "auto_sweep": {
    "used": false,
    "metric": null,
    "sweep_samples": null
  }
}