{
  "cipher": "present80",
  "scenario": "related-key",
  "rounds": 5,
  "pairs": 8,
  "input_difference": "0x100000000000000000000000000000180",
  "input_diff_int": 340282366920938463463374607431768211840,
  "key_bit": 48,
  "samples": 50000,
  "pca_components": 16,
  "kmeans_k": 2,
  "use_gpu": true,
  "results": {
    "pca_explained_variance_ratio": [
      0.0027502612210810184,
      0.0010131211020052433,
      0.000981740071438253,
      0.0009743979317136109,
      0.0009675148176029325,
      0.0009555215947329998,
      0.0009391936473548412,
      0.0009332324843853712,
      0.0009305751300416887,
      0.0009254339383915067
    ],
    "kmeans_inertia": 282813.375,
    "kmeans_silhouette": 0.12147518247365952,
    "accuracy_vs_true": 0.0731,
    "adjusted_rand_index": 0.7289690549083628
  },
  "timing": {
    "total_seconds": 266.16989731788635,
    "data_generation_seconds": 16.012557983398438
  },
  "auto_sweep": {
    "used": false,
    "metric": null,
    "sweep_samples": null
  }
}