{
  "cipher": "speck3264",
  "scenario": "related-key",
  "rounds": 5,
  "pairs": 2,
  "input_difference": "0x400000",
  "input_diff_int": 4194304,
  "key_bit": 25,
  "samples": 20000,
  "pca_components": 16,
  "kmeans_k": 2,
  "use_gpu": true,
  "results": {
    "pca_explained_variance_ratio": [
      0.011646328493952751,
      0.007953117601573467,
      0.0077774240635335445,
      0.00765980826690793,
      0.007604721933603287,
      0.007508728187531233,
      0.007363802287727594,
      0.007315233815461397,
      0.0072370837442576885,
      0.00715271569788456
    ],
    "kmeans_inertia": 105557.640625,
    "kmeans_silhouette": 0.08320062607526779,
    "accuracy_vs_true": 0.2171,
    "adjusted_rand_index": 0.32009648538885876
  },
  "timing": {
    "total_seconds": 39.133793115615845,
    "data_generation_seconds": 3.955552577972412
  },
  "auto_sweep": {
    "used": false,
    "metric": null,
    "sweep_samples": null
  }
}