{
  "cipher": "simmeck3264",
  "scenario": "related-key",
  "rounds": 12,
  "pairs": 8,
  "input_difference": "0x40",
  "input_diff_int": 64,
  "key_bit": 57,
  "samples": 20000,
  "pca_components": 16,
  "kmeans_k": 2,
  "use_gpu": true,
  "results": {
    "pca_explained_variance_ratio": [
      0.0019017239101231098,
      0.0017940757097676396,
      0.001785864820703864,
      0.00177767185959965,
      0.0017719762399792671,
      0.001763577340170741,
      0.0017524335999041796,
      0.0017457760404795408,
      0.0017431185115128756,
      0.0017258254811167717
    ],
    "kmeans_inertia": 102759.0859375,
    "kmeans_silhouette": 0.043726976960897446,
    "accuracy_vs_true": 0.34575,
    "adjusted_rand_index": 0.09512701138598681
  },
  "timing": {
    "total_seconds": 48.90405488014221,
    "data_generation_seconds": 6.087860345840454
  },
  "auto_sweep": {
    "used": false,
    "metric": null,
    "sweep_samples": null
  }
}