{
  "cipher": "present80",
  "scenario": "related-key",
  "rounds": 5,
  "pairs": 8,
  "input_difference": "0x800000000000000080000000000000000001",
  "input_diff_int": 11150372599265311571372322046131495340343297,
  "key_bit": 0,
  "samples": 50000,
  "pca_components": 16,
  "kmeans_k": 2,
  "use_gpu": true,
  "results": {
    "pca_explained_variance_ratio": [
      0.0008536395034752786,
      0.0008483488345518708,
      0.0008461438701488078,
      0.0008460533572360873,
      0.0008421402890235186,
      0.0008399044745601714,
      0.0008363242377527058,
      0.0008353347075171769,
      0.0008336227620020509,
      0.0008319123298861086
    ],
    "kmeans_inertia": 245996.546875,
    "kmeans_silhouette": 0.04057815670967102,
    "accuracy_vs_true": 0.50684,
    "adjusted_rand_index": 0.0001671479601048991
  },
  "timing": {
    "total_seconds": 147.73904824256897,
    "data_generation_seconds": 11.870571374893188
  },
  "auto_sweep": {
    "used": false,
    "metric": null,
    "sweep_samples": null
  }
}