{
  "cipher": "present80",
  "scenario": "related-key",
  "rounds": 7,
  "pairs": 16,
  "input_difference": "0x0000000000000080",
  "input_diff_int": 128,
  "key_bit": 56,
  "samples": 20000,
  "pca_components": 16,
  "kmeans_k": 2,
  "use_gpu": true,
  "results": {
    "pca_explained_variance_ratio": [
      0.004058592487126589,
      0.0008945430163294077,
      0.0008810439030639827,
      0.0008706797962076962,
      0.0008662599138915539,
      0.0008611089433543384,
      0.0008573068189434707,
      0.0008538002148270607,
      0.000848259893245995,
      0.0008414119365625083
    ],
    "kmeans_inertia": 200918.9375,
    "kmeans_silhouette": 0.22145114839076996,
    "accuracy_vs_true": 0.9932,
    "adjusted_rand_index": 0.9729836093342517
  },
  "timing": {
    "total_seconds": 47.68711543083191,
    "data_generation_seconds": 4.201463222503662
  },
  "auto_sweep": {
    "used": false,
    "metric": null,
    "sweep_samples": null
  }
}