{
  "cipher": "present80",
  "scenario": "related-key",
  "rounds": 8,
  "pairs": 1,
  "input_difference": "0x0000000000000080",
  "input_diff_int": 128,
  "key_bit": 56,
  "samples": 20000,
  "pca_components": 16,
  "kmeans_k": 2,
  "use_gpu": true,
  "results": {
    "pca_explained_variance_ratio": [
      0.006849211640655994,
      0.00620860792696476,
      0.006119340192526579,
      0.006077735219150782,
      0.0060085514560341835,
      0.00593534903600812,
      0.005905726924538612,
      0.005875315051525831,
      0.0058537633158266544,
      0.005847901571542025
    ],
    "kmeans_inertia": 87282.1015625,
    "kmeans_silhouette": 0.04635753855109215,
    "accuracy_vs_true": 0.4427,
    "adjusted_rand_index": 0.0130843496144096
  },
  "timing": {
    "total_seconds": 54.09599494934082,
    "data_generation_seconds": 7.857684373855591
  },
  "auto_sweep": {
    "used": false,
    "metric": null,
    "sweep_samples": null
  }
}