{
  "cipher": "present80",
  "scenario": "related-key",
  "rounds": 6,
  "pairs": 16,
  "input_difference": "0x0000000000000080",
  "input_diff_int": 128,
  "key_bit": 56,
  "samples": 20000,
  "pca_components": 16,
  "kmeans_k": 2,
  "use_gpu": true,
  "results": {
    "pca_explained_variance_ratio": [
      0.021776605397462845,
      0.0014188330387696624,
      0.0014111470663920045,
      0.0013802204048261046,
      0.0013718520058318973,
      0.0013600880047306418,
      0.0013496530009433627,
      0.001340768882073462,
      0.001337694120593369,
      0.0013172475155442953
    ],
    "kmeans_inertia": 306828.0,
    "kmeans_silhouette": 0.4797039031982422,
    "accuracy_vs_true": 1.0,
    "adjusted_rand_index": 1.0
  },
  "timing": {
    "total_seconds": 36.64751100540161,
    "data_generation_seconds": 3.7844505310058594
  },
  "auto_sweep": {
    "used": false,
    "metric": null,
    "sweep_samples": null
  }
}