{
  "cipher": "simmeck3264",
  "scenario": "related-key",
  "rounds": 11,
  "pairs": 2,
  "input_difference": "0x40",
  "input_diff_int": 64,
  "key_bit": 57,
  "samples": 20000,
  "pca_components": 16,
  "kmeans_k": 2,
  "use_gpu": true,
  "results": {
    "pca_explained_variance_ratio": [
      0.0088818883523345,
      0.00799544807523489,
      0.00791371800005436,
      0.007106130477041006,
      0.006693461909890175,
      0.006624059751629829,
      0.006437067873775959,
      0.006402794737368822,
      0.006318509113043547,
      0.00624501658603549
    ],
    "kmeans_inertia": 95495.734375,
    "kmeans_silhouette": 0.06546006351709366,
    "accuracy_vs_true": 0.614,
    "adjusted_rand_index": 0.05193904595221823
  },
  "timing": {
    "total_seconds": 53.507673263549805,
    "data_generation_seconds": 5.91085410118103
  },
  "auto_sweep": {
    "used": false,
    "metric": null,
    "sweep_samples": null
  }
}