{
  "cipher": "speck3264",
  "scenario": "related-key",
  "rounds": 5,
  "pairs": 8,
  "input_difference": "0x502000",
  "input_diff_int": 5251072,
  "key_bit": null,
  "samples": 50000,
  "pca_components": 16,
  "kmeans_k": 2,
  "use_gpu": true,
  "results": {
    "pca_explained_variance_ratio": [
      0.003281029174104333,
      0.0020489520393311977,
      0.002031903248280287,
      0.001991431461647153,
      0.001989217009395361,
      0.001975026912987232,
      0.0019441371550783515,
      0.0019225928699597716,
      0.0018307925201952457,
      0.0018211898859590292
    ],
    "kmeans_inertia": 277493.5625,
    "kmeans_silhouette": 0.08612757921218872,
    "accuracy_vs_true": 0.19554,
    "adjusted_rand_index": 0.37077140376682655
  },
  "timing": {
    "total_seconds": 399.88993191719055,
    "data_generation_seconds": 8.661611557006836
  },
  "auto_sweep": {
    "used": false,
    "metric": null,
    "sweep_samples": null
  }
}