{
  "cipher": "simmeck3264",
  "scenario": "related-key",
  "rounds": 13,
  "pairs": 8,
  "input_difference": "0x40",
  "input_diff_int": 64,
  "key_bit": 9,
  "samples": 50000,
  "pca_components": 16,
  "kmeans_k": 2,
  "use_gpu": true,
  "results": {
    "pca_explained_variance_ratio": [
      0.0015632512513548136,
      0.0015517313731834292,
      0.001549587002955377,
      0.0015402243006974459,
      0.0015369267202913761,
      0.0015303422696888447,
      0.001527964835986495,
      0.0015208508120849729,
      0.0015190542908385396,
      0.0015163057250902057
    ],
    "kmeans_inertia": 224527.1875,
    "kmeans_silhouette": 0.04078012704849243,
    "accuracy_vs_true": 0.5033,
    "adjusted_rand_index": 2.3560223557352848e-05
  },
  "timing": {
    "total_seconds": 130.40055418014526,
    "data_generation_seconds": 8.67483925819397
  },
  "auto_sweep": {
    "used": false,
    "metric": null,
    "sweep_samples": null
  }
}