{
  "cipher": "present80",
  "scenario": "single-key",
  "rounds": 7,
  "pairs": 8,
  "input_difference": "0xd000000000",
  "input_diff_int": 893353197568,
  "key_bit": null,
  "samples": 50000,
  "pca_components": 16,
  "kmeans_k": 2,
  "use_gpu": true,
  "results": {
    "pca_explained_variance_ratio": [
      0.0010978244245052338,
      0.0008699531317688525,
      0.0008603599271737039,
      0.0008522839052602649,
      0.0008502250420860946,
      0.0008478575618937612,
      0.0008466541185043752,
      0.0008423831313848495,
      0.0008395751938223839,
      0.0008371281437575817
    ],
    "kmeans_inertia": 250055.125,
    "kmeans_silhouette": 0.05064252018928528,
    "accuracy_vs_true": 0.30118,
    "adjusted_rand_index": 0.1581008086824729
  },
  "timing": {
    "total_seconds": 239.85668659210205,
    "data_generation_seconds": 16.19519543647766
  },
  "auto_sweep": {
    "used": false,
    "metric": null,
    "sweep_samples": null
  }
}