{
  "cipher": "simmeck3264",
  "scenario": "related-key",
  "rounds": 11,
  "pairs": 8,
  "input_difference": "0x40",
  "input_diff_int": 64,
  "key_bit": 57,
  "samples": 20000,
  "pca_components": 16,
  "kmeans_k": 2,
  "use_gpu": true,
  "results": {
    "pca_explained_variance_ratio": [
      0.005241332575678825,
      0.002127758227288723,
      0.0020956138614565134,
      0.0020522058475762606,
      0.0020339451730251312,
      0.0020270852837711573,
      0.0019893243443220854,
      0.0019606344867497683,
      0.001958070322871208,
      0.0018794575007632375
    ],
    "kmeans_inertia": 114905.9375,
    "kmeans_silhouette": 0.11879575252532959,
    "accuracy_vs_true": 0.0297,
    "adjusted_rand_index": 0.8847226007565817
  },
  "timing": {
    "total_seconds": 51.73774981498718,
    "data_generation_seconds": 5.555246591567993
  },
  "auto_sweep": {
    "used": false,
    "metric": null,
    "sweep_samples": null
  }
}