{
  "cipher": "present80",
  "scenario": "single-key",
  "rounds": 7,
  "pairs": 8,
  "input_difference": "0x90000000001",
  "input_diff_int": 9895604649985,
  "key_bit": null,
  "samples": 50000,
  "pca_components": 16,
  "kmeans_k": 2,
  "use_gpu": true,
  "results": {
    "pca_explained_variance_ratio": [
      0.0008493187488056719,
      0.0008461758843623102,
      0.0008400862570852041,
      0.0008384868851862848,
      0.0008363599772565067,
      0.0008353184093721211,
      0.0008324861992150545,
      0.0008301568450406194,
      0.0008286337833851576,
      0.0008251934195868671
    ],
    "kmeans_inertia": 244609.140625,
    "kmeans_silhouette": 0.04061685875058174,
    "accuracy_vs_true": 0.50186,
    "adjusted_rand_index": -6.161970893896967e-06
  },
  "timing": {
    "total_seconds": 231.15060186386108,
    "data_generation_seconds": 11.612762928009033
  },
  "auto_sweep": {
    "used": false,
    "metric": null,
    "sweep_samples": null
  }
}