{
  "cipher": "simmeck3264",
  "scenario": "related-key",
  "rounds": 15,
  "pairs": 16,
  "input_difference": "0x40",
  "input_diff_int": 64,
  "key_bit": 57,
  "samples": 20000,
  "pca_components": 16,
  "kmeans_k": 2,
  "use_gpu": true,
  "results": {
    "pca_explained_variance_ratio": [
      0.0010151616297662258,
      0.0010021987836807966,
      0.0009984067874029279,
      0.0009946083882823586,
      0.0009899747092276812,
      0.0009856000542640686,
      0.0009840618586167693,
      0.0009813742944970727,
      0.0009796431986615062,
      0.0009742604452185333
    ],
    "kmeans_inertia": 115492.9765625,
    "kmeans_silhouette": 0.041074011474847794,
    "accuracy_vs_true": 0.49875,
    "adjusted_rand_index": -4.374006536703508e-05
  },
  "timing": {
    "total_seconds": 38.19582223892212,
    "data_generation_seconds": 4.335824251174927
  },
  "auto_sweep": {
    "used": false,
    "metric": null,
    "sweep_samples": null
  }
}