{
  "cipher": "present80",
  "scenario": "related-key",
  "rounds": 8,
  "pairs": 8,
  "input_difference": "0x800000000000000080000000000000000001",
  "input_diff_int": 11150372599265311571372322046131495340343297,
  "key_bit": 58,
  "samples": 50000,
  "pca_components": 16,
  "kmeans_k": 2,
  "use_gpu": true,
  "results": {
    "pca_explained_variance_ratio": [
      0.0008422904647886753,
      0.0008413089672103524,
      0.0008392109302803874,
      0.0008378166239708662,
      0.0008364905952475965,
      0.000831394107080996,
      0.0008292761631309986,
      0.0008285109070129693,
      0.0008262947667390108,
      0.0008242224575951695
    ],
    "kmeans_inertia": 244038.453125,
    "kmeans_silhouette": 0.04043879732489586,
    "accuracy_vs_true": 0.49768,
    "adjusted_rand_index": 1.5295379170466122e-06
  },
  "timing": {
    "total_seconds": 309.877788066864,
    "data_generation_seconds": 16.76252841949463
  },
  "auto_sweep": {
    "used": false,
    "metric": null,
    "sweep_samples": null
  }
}