{
  "cipher": "present80",
  "scenario": "related-key",
  "rounds": 5,
  "pairs": 16,
  "input_difference": "0x0000000000000080",
  "input_diff_int": 128,
  "key_bit": 56,
  "samples": 20000,
  "pca_components": 16,
  "kmeans_k": 2,
  "use_gpu": true,
  "results": {
    "pca_explained_variance_ratio": [
      0.07003724575042725,
      0.0007856364827603102,
      0.0007801320753060281,
      0.0007692542858421803,
      0.0007677935063838959,
      0.0007634891662746668,
      0.0007601568358950317,
      0.0007566842250525951,
      0.0007524950779043138,
      0.0007521298830397427
    ],
    "kmeans_inertia": 165256.734375,
    "kmeans_silhouette": 0.7321775555610657,
    "accuracy_vs_true": 0.0,
    "adjusted_rand_index": 1.0
  },
  "timing": {
    "total_seconds": 34.13148736953735,
    "data_generation_seconds": 3.65570330619812
  },
  "auto_sweep": {
    "used": false,
    "metric": null,
    "sweep_samples": null
  }
}