{
  "cipher": "speck3264",
  "scenario": "related-key",
  "rounds": 6,
  "pairs": 16,
  "input_difference": "0x400000",
  "input_diff_int": 4194304,
  "key_bit": 25,
  "samples": 20000,
  "pca_components": 16,
  "kmeans_k": 2,
  "use_gpu": true,
  "results": {
    "pca_explained_variance_ratio": [
      0.0011357502080500126,
      0.0010273748775944114,
      0.0010215566726401448,
      0.0010149056324735284,
      0.0010110795265063643,
      0.0010040206834673882,
      0.0010017368476837873,
      0.0009971760446205735,
      0.0009933615801855922,
      0.0009883258026093245
    ],
    "kmeans_inertia": 117710.1171875,
    "kmeans_silhouette": 0.04541553556919098,
    "accuracy_vs_true": 0.3215,
    "adjusted_rand_index": 0.12740543043294453
  },
  "timing": {
    "total_seconds": 52.303645849227905,
    "data_generation_seconds": 7.450828790664673
  },
  "auto_sweep": {
    "used": false,
    "metric": null,
    "sweep_samples": null
  }
}