{
  "cipher": "speck3264",
  "scenario": "related-key",
  "rounds": 6,
  "pairs": 8,
  "input_difference": "0x400000",
  "input_diff_int": 4194304,
  "key_bit": 25,
  "samples": 20000,
  "pca_components": 16,
  "kmeans_k": 2,
  "use_gpu": true,
  "results": {
    "pca_explained_variance_ratio": [
      0.0018943948671221733,
      0.0018417318351566792,
      0.0018324240809306502,
      0.001815861091017723,
      0.0018063279567286372,
      0.0017918144585564733,
      0.0017730590188875794,
      0.0017577362013980746,
      0.001754546188749373,
      0.0017460138769820333
    ],
    "kmeans_inertia": 104171.265625,
    "kmeans_silhouette": 0.042466431856155396,
    "accuracy_vs_true": 0.3999,
    "adjusted_rand_index": 0.040032039969971366
  },
  "timing": {
    "total_seconds": 50.33970522880554,
    "data_generation_seconds": 5.458968162536621
  },
  "auto_sweep": {
    "used": false,
    "metric": null,
    "sweep_samples": null
  }
}