{
  "cipher": "present80",
  "scenario": "single-key",
  "rounds": 9,
  "pairs": 8,
  "input_difference": "0x0000000000000080",
  "input_diff_int": 128,
  "key_bit": 56,
  "samples": 10000,
  "pca_components": 16,
  "kmeans_k": 2,
  "use_gpu": true,
  "results": {
    "pca_explained_variance_ratio": [
      0.0012084079207852483,
      0.0011910537723451853,
      0.0011799847707152367,
      0.0011772183934226632,
      0.0011720716720446944,
      0.0011677977163344622,
      0.0011619458673521876,
      0.0011605776380747557,
      0.0011539915576577187,
      0.0011503486894071102
    ],
    "kmeans_inertia": 68202.796875,
    "kmeans_silhouette": 0.041546449065208435,
    "accuracy_vs_true": 0.4966,
    "adjusted_rand_index": -5.374151448342397e-05
  },
  "timing": {
    "total_seconds": 23.03085970878601,
    "data_generation_seconds": 3.6919307708740234
  },
  "auto_sweep": {
    "used": false,
    "metric": null,
    "sweep_samples": null
  }
}