{
  "cipher": "simmeck3264",
  "scenario": "related-key",
  "rounds": 10,
  "pairs": 16,
  "input_difference": "0x40",
  "input_diff_int": 64,
  "key_bit": 57,
  "samples": 20000,
  "pca_components": 16,
  "kmeans_k": 2,
  "use_gpu": true,
  "results": {
    "pca_explained_variance_ratio": [
      0.015780117362737656,
      0.001547669991850853,
      0.0011861416278406978,
      0.0011791498400270939,
      0.001173519529402256,
      0.0011672433465719223,
      0.0011587473563849926,
      0.0011538862017914653,
      0.0011473805643618107,
      0.0011448905570432544
    ],
    "kmeans_inertia": 136561.4375,
    "kmeans_silhouette": 0.4015062153339386,
    "accuracy_vs_true": 0.0,
    "adjusted_rand_index": 1.0
  },
  "timing": {
    "total_seconds": 42.128058433532715,
    "data_generation_seconds": 3.5179638862609863
  },
  "auto_sweep": {
    "used": false,
    "metric": null,
    "sweep_samples": null
  }
}