{
  "cipher": "speck3264",
  "scenario": "related-key",
  "rounds": 5,
  "pairs": 4,
  "input_difference": "0x400000",
  "input_diff_int": 4194304,
  "key_bit": 25,
  "samples": 20000,
  "pca_components": 16,
  "kmeans_k": 2,
  "use_gpu": true,
  "results": {
    "pca_explained_variance_ratio": [
      0.00810400489717722,
      0.004126416984945536,
      0.004050240386277437,
      0.0039744083769619465,
      0.0039282855577766895,
      0.003916686866432428,
      0.0038949784357100725,
      0.0038201066199690104,
      0.003786546178162098,
      0.0037520425394177437
    ],
    "kmeans_inertia": 113455.3671875,
    "kmeans_silhouette": 0.10257552564144135,
    "accuracy_vs_true": 0.86695,
    "adjusted_rand_index": 0.538586563030459
  },
  "timing": {
    "total_seconds": 49.55653238296509,
    "data_generation_seconds": 6.353443145751953
  },
  "auto_sweep": {
    "used": false,
    "metric": null,
    "sweep_samples": null
  }
}