{
  "cipher": "speck3264",
  "scenario": "related-key",
  "rounds": 6,
  "pairs": 2,
  "input_difference": "0x400000",
  "input_diff_int": 4194304,
  "key_bit": 25,
  "samples": 20000,
  "pca_components": 16,
  "kmeans_k": 2,
  "use_gpu": true,
  "results": {
    "pca_explained_variance_ratio": [
      0.006838726345449686,
      0.0065126060508191586,
      0.006293964572250843,
      0.006162341218441725,
      0.006160330027341843,
      0.0060862828977406025,
      0.006056539248675108,
      0.006008969619870186,
      0.005963507574051619,
      0.00592699134722352
    ],
    "kmeans_inertia": 88451.71875,
    "kmeans_silhouette": 0.04878941550850868,
    "accuracy_vs_true": 0.50035,
    "adjusted_rand_index": -4.951259514164943e-05
  },
  "timing": {
    "total_seconds": 36.57675385475159,
    "data_generation_seconds": 4.423145294189453
  },
  "auto_sweep": {
    "used": false,
    "metric": null,
    "sweep_samples": null
  }
}