{
  "cipher": "simmeck3264",
  "scenario": "related-key",
  "rounds": 14,
  "pairs": 2,
  "input_difference": "0x40",
  "input_diff_int": 64,
  "key_bit": 57,
  "samples": 20000,
  "pca_components": 16,
  "kmeans_k": 2,
  "use_gpu": true,
  "results": {
    "pca_explained_variance_ratio": [
      0.006029596086591482,
      0.0059842076152563095,
      0.00596666568890214,
      0.005947069730609655,
      0.005918766837567091,
      0.005871412809938192,
      0.005853415001183748,
      0.005824162159115076,
      0.005819172598421574,
      0.00578580005094409
    ],
    "kmeans_inertia": 85767.34375,
    "kmeans_silhouette": 0.04137638211250305,
    "accuracy_vs_true": 0.5012,
    "adjusted_rand_index": -4.423191062489403e-05
  },
  "timing": {
    "total_seconds": 47.9635112285614,
    "data_generation_seconds": 4.705768823623657
  },
  "auto_sweep": {
    "used": false,
    "metric": null,
    "sweep_samples": null
  }
}