{
  "cipher": "present80",
  "scenario": "related-key",
  "rounds": 5,
  "pairs": 4,
  "input_difference": "0x0000000000000080",
  "input_diff_int": 128,
  "key_bit": 56,
  "samples": 20000,
  "pca_components": 16,
  "kmeans_k": 2,
  "use_gpu": true,
  "results": {
    "pca_explained_variance_ratio": [
      0.07064324617385864,
      0.0027177196461707354,
      0.002695005154237151,
      0.0026544344145804644,
      0.002552876714617014,
      0.0024906452745199203,
      0.0024754274636507034,
      0.0024604611098766327,
      0.002432594308629632,
      0.0024204703513532877
    ],
    "kmeans_inertia": 136054.71875,
    "kmeans_silhouette": 0.5507323741912842,
    "accuracy_vs_true": 1.0,
    "adjusted_rand_index": 1.0
  },
  "timing": {
    "total_seconds": 31.63545823097229,
    "data_generation_seconds": 3.280949354171753
  },
  "auto_sweep": {
    "used": false,
    "metric": null,
    "sweep_samples": null
  }
}