{
  "cipher": "present80",
  "scenario": "related-key",
  "rounds": 7,
  "pairs": 8,
  "input_difference": "0x100000000000000000000000000000180",
  "input_diff_int": 340282366920938463463374607431768211840,
  "key_bit": 34,
  "samples": 50000,
  "pca_components": 16,
  "kmeans_k": 2,
  "use_gpu": true,
  "results": {
    "pca_explained_variance_ratio": [
      0.0008468152373097837,
      0.0008444295963272452,
      0.0008419572259299457,
      0.0008393081952817738,
      0.0008373062591999769,
      0.0008355643949471414,
      0.0008329611737281084,
      0.0008307401440106332,
      0.0008262040209956467,
      0.0008252067491412163
    ],
    "kmeans_inertia": 244511.375,
    "kmeans_silhouette": 0.040598295629024506,
    "accuracy_vs_true": 0.50162,
    "adjusted_rand_index": -9.502988503525242e-06
  },
  "timing": {
    "total_seconds": 213.1904275417328,
    "data_generation_seconds": 15.450974225997925
  },
  "auto_sweep": {
    "used": false,
    "metric": null,
    "sweep_samples": null
  }
}