{
  "cipher": "present80",
  "scenario": "related-key",
  "rounds": 7,
  "pairs": 8,
  "input_difference": "0x100000000000000000000000000000180",
  "input_diff_int": 340282366920938463463374607431768211840,
  "key_bit": 34,
  "samples": 50000,
  "pca_components": 16,
  "kmeans_k": 2,
  "use_gpu": true,
  "results": {
    "pca_explained_variance_ratio": [
      0.0008437801152467728,
      0.0008404533145949244,
      0.0008392831077799201,
      0.0008366336696781218,
      0.0008355890749953687,
      0.0008348077535629272,
      0.0008317946339957416,
      0.0008294734871014953,
      0.0008277758024632931,
      0.0008241462055593729
    ],
    "kmeans_inertia": 244312.03125,
    "kmeans_silhouette": 0.04044051840901375,
    "accuracy_vs_true": 0.49852,
    "adjusted_rand_index": -1.1238304756098664e-05
  },
  "timing": {
    "total_seconds": 297.40779995918274,
    "data_generation_seconds": 18.697367668151855
  },
  "auto_sweep": {
    "used": false,
    "metric": null,
    "sweep_samples": null
  }
}