{
  "cipher": "present80",
  "scenario": "related-key",
  "rounds": 5,
  "pairs": 8,
  "input_difference": "0x800000000000000080000000000000000001",
  "input_diff_int": 11150372599265311571372322046131495340343297,
  "key_bit": null,
  "samples": 50000,
  "pca_components": 16,
  "kmeans_k": 2,
  "use_gpu": true,
  "results": {
    "pca_explained_variance_ratio": [
      0.0008479058160446584,
      0.0008453539339825511,
      0.000838379142805934,
      0.0008372224983759224,
      0.0008349793497473001,
      0.0008335370803251863,
      0.0008314393344335258,
      0.0008312442223541439,
      0.0008274529245682061,
      0.0008257380104623735
    ],
    "kmeans_inertia": 244448.421875,
    "kmeans_silhouette": 0.04054483771324158,
    "accuracy_vs_true": 0.50242,
    "adjusted_rand_index": 3.4253583900277025e-06
  },
  "timing": {
    "total_seconds": 155.6053328514099,
    "data_generation_seconds": 9.525932788848877
  },
  "auto_sweep": {
    "used": false,
    "metric": null,
    "sweep_samples": null
  }
}