{
  "cipher": "present80",
  "scenario": "single-key",
  "rounds": 5,
  "pairs": 8,
  "input_difference": "0xd000000000",
  "input_diff_int": 893353197568,
  "key_bit": null,
  "samples": 50000,
  "pca_components": 16,
  "kmeans_k": 2,
  "use_gpu": true,
  "results": {
    "pca_explained_variance_ratio": [
      0.021048670634627342,
      0.0015050554648041725,
      0.0014919363893568516,
      0.0014762458158656955,
      0.0014707081718370318,
      0.001461695064790547,
      0.001455564284697175,
      0.0014432480093091726,
      0.001410013297572732,
      0.0013383495388552547
    ],
    "kmeans_inertia": 413089.28125,
    "kmeans_silhouette": 0.4216243326663971,
    "accuracy_vs_true": 0.99966,
    "adjusted_rand_index": 0.9986404352081729
  },
  "timing": {
    "total_seconds": 294.22705364227295,
    "data_generation_seconds": 20.802944660186768
  },
  "auto_sweep": {
    "used": false,
    "metric": null,
    "sweep_samples": null
  }
}