{
  "cipher": "speck3264",
  "scenario": "related-key",
  "rounds": 8,
  "pairs": 8,
  "input_difference": "0x400000",
  "input_diff_int": 4194304,
  "key_bit": 9,
  "samples": 50000,
  "pca_components": 16,
  "kmeans_k": 2,
  "use_gpu": true,
  "results": {
    "pca_explained_variance_ratio": [
      0.001555304042994976,
      0.0015509598888456821,
      0.001547476276755333,
      0.0015407121973112226,
      0.0015340433456003666,
      0.0015249138232320547,
      0.0015211524441838264,
      0.0015184668591246009,
      0.0015149243408814073,
      0.0015130966203287244
    ],
    "kmeans_inertia": 224096.75,
    "kmeans_silhouette": 0.04070982336997986,
    "accuracy_vs_true": 0.49966,
    "adjusted_rand_index": -1.9535863881192965e-05
  },
  "timing": {
    "total_seconds": 427.704026222229,
    "data_generation_seconds": 9.778370380401611
  },
  "auto_sweep": {
    "used": false,
    "metric": null,
    "sweep_samples": null
  }
}