{
  "cipher": "simmeck3264",
  "scenario": "related-key",
  "rounds": 7,
  "pairs": 8,
  "input_difference": "0x40",
  "input_diff_int": 64,
  "key_bit": 57,
  "samples": 50000,
  "pca_components": 16,
  "kmeans_k": 2,
  "use_gpu": true,
  "results": {
    "pca_explained_variance_ratio": [
      0.0721382275223732,
      0.002422636840492487,
      0.00239544827491045,
      0.00238959863781929,
      0.0023775151930749416,
      0.002361818915233016,
      0.0023478518705815077,
      0.0023313327692449093,
      0.0023177918046712875,
      0.0023156485985964537
    ],
    "kmeans_inertia": 318222.71875,
    "kmeans_silhouette": 0.565768301486969,
    "accuracy_vs_true": 0.0,
    "adjusted_rand_index": 1.0
  },
  "timing": {
    "total_seconds": 453.78791975975037,
    "data_generation_seconds": 10.587052822113037
  },
  "auto_sweep": {
    "used": false,
    "metric": null,
    "sweep_samples": null
  }
}