{
  "cipher": "simmeck3264",
  "scenario": "related-key",
  "rounds": 14,
  "pairs": 4,
  "input_difference": "0x40",
  "input_diff_int": 64,
  "key_bit": 57,
  "samples": 20000,
  "pca_components": 16,
  "kmeans_k": 2,
  "use_gpu": true,
  "results": {
    "pca_explained_variance_ratio": [
      0.003247767686843872,
      0.0032024583779275417,
      0.0031872205436229706,
      0.0031685293652117252,
      0.003165503730997443,
      0.003157626371830702,
      0.003123524133116007,
      0.003117887070402503,
      0.0031081493943929672,
      0.0030985085759311914
    ],
    "kmeans_inertia": 91827.8984375,
    "kmeans_silhouette": 0.04162474721670151,
    "accuracy_vs_true": 0.4974,
    "adjusted_rand_index": -2.2944828051029328e-05
  },
  "timing": {
    "total_seconds": 53.066601514816284,
    "data_generation_seconds": 4.991987705230713
  },
  "auto_sweep": {
    "used": false,
    "metric": null,
    "sweep_samples": null
  }
}