{
  "cipher": "present80",
  "scenario": "related-key",
  "rounds": 5,
  "pairs": 8,
  "input_difference": "0x100000000000000000000000000000180",
  "input_diff_int": 340282366920938463463374607431768211840,
  "key_bit": 15,
  "samples": 50000,
  "pca_components": 16,
  "kmeans_k": 2,
  "use_gpu": true,
  "results": {
    "pca_explained_variance_ratio": [
      0.0008507266757078469,
      0.0008465855498798192,
      0.0008437403594143689,
      0.0008411078015342355,
      0.0008388633723370731,
      0.0008373639429919422,
      0.0008365758694708347,
      0.0008346035610884428,
      0.0008306024828925729,
      0.0008294829749502242
    ],
    "kmeans_inertia": 245574.0,
    "kmeans_silhouette": 0.040675558149814606,
    "accuracy_vs_true": 0.48386,
    "adjusted_rand_index": 0.0010220185175261773
  },
  "timing": {
    "total_seconds": 211.58843970298767,
    "data_generation_seconds": 14.495557069778442
  },
  "auto_sweep": {
    "used": false,
    "metric": null,
    "sweep_samples": null
  }
}