{
  "cipher": "present80",
  "scenario": "related-key",
  "rounds": 8,
  "pairs": 8,
  "input_difference": "0xd000000000",
  "input_diff_int": 893353197568,
  "key_bit": 67,
  "samples": 50000,
  "pca_components": 16,
  "kmeans_k": 2,
  "use_gpu": true,
  "results": {
    "pca_explained_variance_ratio": [
      0.0008460120880044997,
      0.0008412573370151222,
      0.0008386393892578781,
      0.0008373904274776578,
      0.0008351309224963188,
      0.0008338670013472438,
      0.0008300668559968472,
      0.0008286680094897747,
      0.0008266986114904284,
      0.0008265945361927152
    ],
    "kmeans_inertia": 244302.40625,
    "kmeans_silhouette": 0.040541503578424454,
    "accuracy_vs_true": 0.50094,
    "adjusted_rand_index": -1.646513730586632e-05
  },
  "timing": {
    "total_seconds": 194.42609167099,
    "data_generation_seconds": 14.414624214172363
  },
  "auto_sweep": {
    "used": false,
    "metric": null,
    "sweep_samples": null
  }
}