{
  "cipher": "simmeck3264",
  "scenario": "single-key",
  "rounds": 13,
  "pairs": 8,
  "input_difference": "0x40",
  "input_diff_int": 64,
  "key_bit": null,
  "samples": 50000,
  "pca_components": 16,
  "kmeans_k": 2,
  "use_gpu": true,
  "results": {
    "pca_explained_variance_ratio": [
      0.0015608015237376094,
      0.0015498095890507102,
      0.0015429082559421659,
      0.001535734860226512,
      0.001529861125163734,
      0.0015286779962480068,
      0.001527405809611082,
      0.0015193875879049301,
      0.0015160564798861742,
      0.001512305112555623
    ],
    "kmeans_inertia": 223917.53125,
    "kmeans_silhouette": 0.04070570319890976,
    "accuracy_vs_true": 0.50094,
    "adjusted_rand_index": -1.646506203761645e-05
  },
  "timing": {
    "total_seconds": 177.9160807132721,
    "data_generation_seconds": 15.207828521728516
  },
  "auto_sweep": {
    "used": false,
    "metric": null,
    "sweep_samples": null
  }
}