{
  "cipher": "present80",
  "scenario": "related-key",
  "rounds": 5,
  "pairs": 2,
  "input_difference": "0x0000000000000080",
  "input_diff_int": 128,
  "key_bit": 56,
  "samples": 20000,
  "pca_components": 16,
  "kmeans_k": 2,
  "use_gpu": true,
  "results": {
    "pca_explained_variance_ratio": [
      0.07103805243968964,
      0.005227863788604736,
      0.005137364845722914,
      0.004749913699924946,
      0.004675065167248249,
      0.0046648685820400715,
      0.0046311416663229465,
      0.004611419513821602,
      0.004579245578497648,
      0.0045537808910012245
    ],
    "kmeans_inertia": 127484.5859375,
    "kmeans_silhouette": 0.4325227439403534,
    "accuracy_vs_true": 0.0,
    "adjusted_rand_index": 1.0
  },
  "timing": {
    "total_seconds": 108.67108917236328,
    "data_generation_seconds": 3.464214563369751
  },
  "auto_sweep": {
    "used": false,
    "metric": null,
    "sweep_samples": null
  }
}