{
  "cipher": "simmeck3264",
  "scenario": "related-key",
  "rounds": 10,
  "pairs": 2,
  "input_difference": "0x40",
  "input_diff_int": 64,
  "key_bit": 57,
  "samples": 20000,
  "pca_components": 16,
  "kmeans_k": 2,
  "use_gpu": true,
  "results": {
    "pca_explained_variance_ratio": [
      0.01911637745797634,
      0.008253534324467182,
      0.00819469802081585,
      0.008098121732473373,
      0.008066908456385136,
      0.007976642809808254,
      0.007895358838140965,
      0.007843864150345325,
      0.007762910798192024,
      0.007650884333997965
    ],
    "kmeans_inertia": 111294.546875,
    "kmeans_silhouette": 0.11721987277269363,
    "accuracy_vs_true": 0.0286,
    "adjusted_rand_index": 0.888866293893152
  },
  "timing": {
    "total_seconds": 49.39855432510376,
    "data_generation_seconds": 3.902644634246826
  },
  "auto_sweep": {
    "used": false,
    "metric": null,
    "sweep_samples": null
  }
}