{
  "cipher": "present80",
  "scenario": "related-key",
  "rounds": 5,
  "pairs": 8,
  "input_difference": "0x800000000000000080000000000000000001",
  "input_diff_int": 11150372599265311571372322046131495340343297,
  "key_bit": 58,
  "samples": 50000,
  "pca_components": 16,
  "kmeans_k": 2,
  "use_gpu": true,
  "results": {
    "pca_explained_variance_ratio": [
      0.0037975795567035675,
      0.0012069754302501678,
      0.001197048812173307,
      0.0011937767267227173,
      0.001184994587674737,
      0.0011616676347330213,
      0.0011440861271694303,
      0.0011334364535287023,
      0.0009597005555406213,
      0.0009243498207069933
    ],
    "kmeans_inertia": 312771.1875,
    "kmeans_silhouette": 0.15501046180725098,
    "accuracy_vs_true": 0.95192,
    "adjusted_rand_index": 0.8169231016447736
  },
  "timing": {
    "total_seconds": 195.11626839637756,
    "data_generation_seconds": 12.076995372772217
  },
  "auto_sweep": {
    "used": false,
    "metric": null,
    "sweep_samples": null
  }
}