{
  "cipher": "simmeck3264",
  "scenario": "related-key",
  "rounds": 13,
  "pairs": 1,
  "input_difference": "0x40",
  "input_diff_int": 64,
  "key_bit": 57,
  "samples": 20000,
  "pca_components": 16,
  "kmeans_k": 2,
  "use_gpu": true,
  "results": {
    "pca_explained_variance_ratio": [
      0.011458924040198326,
      0.011331136338412762,
      0.011314712464809418,
      0.011151227168738842,
      0.01111211720854044,
      0.01106368936598301,
      0.01099211722612381,
      0.010983495973050594,
      0.010926861315965652,
      0.01086264569312334
    ],
    "kmeans_inertia": 80802.3671875,
    "kmeans_silhouette": 0.041591063141822815,
    "accuracy_vs_true": 0.49755,
    "adjusted_rand_index": -2.598718654681441e-05
  },
  "timing": {
    "total_seconds": 50.935165882110596,
    "data_generation_seconds": 4.066021203994751
  },
  "auto_sweep": {
    "used": false,
    "metric": null,
    "sweep_samples": null
  }
}