{
  "cipher": "simmeck3264",
  "scenario": "related-key",
  "rounds": 12,
  "pairs": 4,
  "input_difference": "0x40",
  "input_diff_int": 64,
  "key_bit": 57,
  "samples": 20000,
  "pca_components": 16,
  "kmeans_k": 2,
  "use_gpu": true,
  "results": {
    "pca_explained_variance_ratio": [
      0.003366403514519334,
      0.0033181319013237953,
      0.0032576590310782194,
      0.00323829660192132,
      0.00321533833630383,
      0.0032100912649184465,
      0.0031838156282901764,
      0.003163286717608571,
      0.0031589369755238295,
      0.0031456074211746454
    ],
    "kmeans_inertia": 93361.6484375,
    "kmeans_silhouette": 0.042861778289079666,
    "accuracy_vs_true": 0.46065,
    "adjusted_rand_index": 0.006144187606391943
  },
  "timing": {
    "total_seconds": 44.64499235153198,
    "data_generation_seconds": 6.716600656509399
  },
  "auto_sweep": {
    "used": false,
    "metric": null,
    "sweep_samples": null
  }
}