{
  "cipher": "present80",
  "scenario": "related-key",
  "rounds": 8,
  "pairs": 8,
  "input_difference": "0x800000000000000080000000000000000001",
  "input_diff_int": 11150372599265311571372322046131495340343297,
  "key_bit": null,
  "samples": 50000,
  "pca_components": 16,
  "kmeans_k": 2,
  "use_gpu": true,
  "results": {
    "pca_explained_variance_ratio": [
      0.000845911621581763,
      0.0008401751983910799,
      0.0008390407892875373,
      0.0008369784918613732,
      0.0008351572905667126,
      0.0008350213174708188,
      0.000829483091365546,
      0.0008285007206723094,
      0.0008250830578617752,
      0.0008236693101935089
    ],
    "kmeans_inertia": 243958.171875,
    "kmeans_silhouette": 0.04084538668394089,
    "accuracy_vs_true": 0.50038,
    "adjusted_rand_index": -1.9422093214457503e-05
  },
  "timing": {
    "total_seconds": 150.16269040107727,
    "data_generation_seconds": 10.102623462677002
  },
  "auto_sweep": {
    "used": false,
    "metric": null,
    "sweep_samples": null
  }
}