{
  "cipher": "present80",
  "scenario": "related-key",
  "rounds": 9,
  "pairs": 8,
  "input_difference": "0x0000000000000080",
  "input_diff_int": 128,
  "key_bit": 56,
  "samples": 50000,
  "pca_components": 16,
  "kmeans_k": 2,
  "use_gpu": true,
  "results": {
    "pca_explained_variance_ratio": [
      0.0008444719715043902,
      0.0008426520507782698,
      0.0008424166007898748,
      0.0008371026488021016,
      0.0008358805207535625,
      0.0008350199204869568,
      0.0008326651877723634,
      0.0008311365963891149,
      0.0008265380165539682,
      0.0008250036044046283
    ],
    "kmeans_inertia": 244468.453125,
    "kmeans_silhouette": 0.040658604353666306,
    "accuracy_vs_true": 0.49836,
    "adjusted_rand_index": -9.242018959225229e-06
  },
  "timing": {
    "total_seconds": 170.90630316734314,
    "data_generation_seconds": 13.002888917922974
  },
  "auto_sweep": {
    "used": false,
    "metric": null,
    "sweep_samples": null
  }
}