{
  "cipher": "present80",
  "scenario": "related-key",
  "rounds": 7,
  "pairs": 8,
  "input_difference": "0x800000000000000080000000000000000001",
  "input_diff_int": 11150372599265311571372322046131495340343297,
  "key_bit": 58,
  "samples": 50000,
  "pca_components": 16,
  "kmeans_k": 2,
  "use_gpu": true,
  "results": {
    "pca_explained_variance_ratio": [
      0.0008477629162371159,
      0.0008472445188090205,
      0.00084284832701087,
      0.0008419542573392391,
      0.0008373503806069493,
      0.0008370939758606255,
      0.000834133243188262,
      0.0008317258907482028,
      0.0008276736480183899,
      0.000826375326141715
    ],
    "kmeans_inertia": 244940.484375,
    "kmeans_silhouette": 0.04077403247356415,
    "accuracy_vs_true": 0.49956,
    "adjusted_rand_index": -1.9225683573867134e-05
  },
  "timing": {
    "total_seconds": 145.75253009796143,
    "data_generation_seconds": 10.017146587371826
  },
  "auto_sweep": {
    "used": false,
    "metric": null,
    "sweep_samples": null
  }
}