{
  "cipher": "simmeck3264",
  "scenario": "related-key",
  "rounds": 10,
  "pairs": 4,
  "input_difference": "0x40",
  "input_diff_int": 64,
  "key_bit": 57,
  "samples": 20000,
  "pca_components": 16,
  "kmeans_k": 2,
  "use_gpu": true,
  "results": {
    "pca_explained_variance_ratio": [
      0.017141858115792274,
      0.004278778564184904,
      0.004220535047352314,
      0.004165892954915762,
      0.004154805559664965,
      0.004108702298253775,
      0.00409381790086627,
      0.0040718913078308105,
      0.004048011731356382,
      0.004011995159089565
    ],
    "kmeans_inertia": 118032.765625,
    "kmeans_silhouette": 0.1904299557209015,
    "accuracy_vs_true": 0.9952,
    "adjusted_rand_index": 0.9808912045968824
  },
  "timing": {
    "total_seconds": 37.53415274620056,
    "data_generation_seconds": 3.436230421066284
  },
  "auto_sweep": {
    "used": false,
    "metric": null,
    "sweep_samples": null
  }
}