{
  "cipher": "speck3264",
  "scenario": "related-key",
  "rounds": 5,
  "pairs": 8,
  "input_difference": "0x40000000000000",
  "input_diff_int": 18014398509481984,
  "key_bit": null,
  "samples": 50000,
  "pca_components": 16,
  "kmeans_k": 2,
  "use_gpu": true,
  "results": {
    "pca_explained_variance_ratio": [
      0.014949723146855831,
      0.0026398468762636185,
      0.0022028926759958267,
      0.0021643408108502626,
      0.002148195169866085,
      0.002137778326869011,
      0.00210887030698359,
      0.002071223920211196,
      0.0020609446801245213,
      0.0020372318103909492
    ],
    "kmeans_inertia": 317823.3125,
    "kmeans_silhouette": 0.26267772912979126,
    "accuracy_vs_true": 0.03176,
    "adjusted_rand_index": 0.8769923398755337
  },
  "timing": {
    "total_seconds": 589.6635203361511,
    "data_generation_seconds": 12.233777523040771
  },
  "auto_sweep": {
    "used": false,
    "metric": null,
    "sweep_samples": null
  }
}