{
  "cipher": "simmeck3264",
  "scenario": "related-key",
  "rounds": 12,
  "pairs": 1,
  "input_difference": "0x40",
  "input_diff_int": 64,
  "key_bit": 57,
  "samples": 20000,
  "pca_components": 16,
  "kmeans_k": 2,
  "use_gpu": true,
  "results": {
    "pca_explained_variance_ratio": [
      0.012561014853417873,
      0.011699928902089596,
      0.011440086178481579,
      0.011263273656368256,
      0.011213344521820545,
      0.01120008248835802,
      0.011117878369987011,
      0.011104966513812542,
      0.011023822240531445,
      0.010952549055218697
    ],
    "kmeans_inertia": 81252.28125,
    "kmeans_silhouette": 0.04928211867809296,
    "accuracy_vs_true": 0.48335,
    "adjusted_rand_index": 0.0010596068219111958
  },
  "timing": {
    "total_seconds": 46.39838433265686,
    "data_generation_seconds": 6.394630432128906
  },
  "auto_sweep": {
    "used": false,
    "metric": null,
    "sweep_samples": null
  }
}