{
  "cipher": "present80",
  "scenario": "related-key",
  "rounds": 7,
  "pairs": 8,
  "input_difference": "0x800000000000000080000000000000000001",
  "input_diff_int": 11150372599265311571372322046131495340343297,
  "key_bit": 0,
  "samples": 50000,
  "pca_components": 16,
  "kmeans_k": 2,
  "use_gpu": true,
  "results": {
    "pca_explained_variance_ratio": [
      0.0008456370560452342,
      0.0008412918541580439,
      0.000837803992908448,
      0.0008366160909645259,
      0.0008346629329025745,
      0.0008329956908710301,
      0.0008310084231197834,
      0.0008285691146738827,
      0.0008272889535874128,
      0.0008248274098150432
    ],
    "kmeans_inertia": 244294.734375,
    "kmeans_silhouette": 0.04040737450122833,
    "accuracy_vs_true": 0.49998,
    "adjusted_rand_index": -1.9998957777467194e-05
  },
  "timing": {
    "total_seconds": 193.75492691993713,
    "data_generation_seconds": 14.804636716842651
  },
  "auto_sweep": {
    "used": false,
    "metric": null,
    "sweep_samples": null
  }
}