{
  "cipher": "simmeck3264",
  "scenario": "single-key",
  "rounds": 7,
  "pairs": 8,
  "input_difference": "0x40",
  "input_diff_int": 64,
  "key_bit": null,
  "samples": 50000,
  "pca_components": 16,
  "kmeans_k": 2,
  "use_gpu": true,
  "results": {
    "pca_explained_variance_ratio": [
      0.00534149631857872,
      0.002004869282245636,
      0.0019930191338062286,
      0.001968326047062874,
      0.0019496760796755552,
      0.001940258895047009,
      0.0019165410194545984,
      0.0018881491851061583,
      0.0018454582896083593,
      0.0017278448212891817
    ],
    "kmeans_inertia": 270279.4375,
    "kmeans_silhouette": 0.12862072885036469,
    "accuracy_vs_true": 0.02762,
    "adjusted_rand_index": 0.8925693103120513
  },
  "timing": {
    "total_seconds": 162.446293592453,
    "data_generation_seconds": 11.45588231086731
  },
  "auto_sweep": {
    "used": false,
    "metric": null,
    "sweep_samples": null
  }
}