{
  "cipher": "simmeck3264",
  "scenario": "related-key",
  "rounds": 13,
  "pairs": 4,
  "input_difference": "0x40",
  "input_diff_int": 64,
  "key_bit": 57,
  "samples": 20000,
  "pca_components": 16,
  "kmeans_k": 2,
  "use_gpu": true,
  "results": {
    "pca_explained_variance_ratio": [
      0.003226769622415304,
      0.0032173350919038057,
      0.0032121725380420685,
      0.003190520452335477,
      0.003177989972755313,
      0.003160485066473484,
      0.0031495767179876566,
      0.003137073013931513,
      0.003113469807431102,
      0.003098395885899663
    ],
    "kmeans_inertia": 92147.90625,
    "kmeans_silhouette": 0.041448988020420074,
    "accuracy_vs_true": 0.50095,
    "adjusted_rand_index": -4.6384013900233946e-05
  },
  "timing": {
    "total_seconds": 49.52290916442871,
    "data_generation_seconds": 3.8283119201660156
  },
  "auto_sweep": {
    "used": false,
    "metric": null,
    "sweep_samples": null
  }
}