{
  "cipher": "simmeck3264",
  "scenario": "single-key",
  "rounds": 7,
  "pairs": 8,
  "input_difference": "0x40",
  "input_diff_int": 64,
  "key_bit": 57,
  "samples": 100000,
  "pca_components": 16,
  "kmeans_k": 2,
  "use_gpu": true,
  "results": {
    "pca_explained_variance_ratio": [
      0.005333636499860707,
      0.0019836347531303447,
      0.0019510380282716758,
      0.0019479273901678964,
      0.0019357819257587484,
      0.0019100108693508719,
      0.0018827453826296056,
      0.0018649836472300091,
      0.001820281709913483,
      0.0016878727118191878
    ],
    "kmeans_inertia": 530451.9375,
    "kmeans_silhouette": 0.13112136721611023,
    "accuracy_vs_true": 0.97278,
    "adjusted_rand_index": 0.8940826550506963
  },
  "timing": {
    "total_seconds": 708.3893628120422,
    "data_generation_seconds": 18.990981340408325
  },
  "auto_sweep": {
    "used": false,
    "metric": null,
    "sweep_samples": null
  }
}