{
  "cipher": "speck3264",
  "scenario": "related-key",
  "rounds": 5,
  "pairs": 1,
  "input_difference": "0x400000",
  "input_diff_int": 4194304,
  "key_bit": 25,
  "samples": 20000,
  "pca_components": 16,
  "kmeans_k": 2,
  "use_gpu": true,
  "results": {
    "pca_explained_variance_ratio": [
      0.01919492334127426,
      0.015032000839710236,
      0.014523281715810299,
      0.014284731820225716,
      0.014099137857556343,
      0.013326968997716904,
      0.012613508850336075,
      0.012226957827806473,
      0.012007208541035652,
      0.011798866093158722
    ],
    "kmeans_inertia": 92591.7265625,
    "kmeans_silhouette": 0.07458488643169403,
    "accuracy_vs_true": 0.6894,
    "adjusted_rand_index": 0.14344809518909005
  },
  "timing": {
    "total_seconds": 50.33880043029785,
    "data_generation_seconds": 5.19062066078186
  },
  "auto_sweep": {
    "used": false,
    "metric": null,
    "sweep_samples": null
  }
}