{
  "cipher": "present80",
  "scenario": "related-key",
  "rounds": 8,
  "pairs": 4,
  "input_difference": "0x0000000000000080",
  "input_diff_int": 128,
  "key_bit": 56,
  "samples": 20000,
  "pca_components": 16,
  "kmeans_k": 2,
  "use_gpu": true,
  "results": {
    "pca_explained_variance_ratio": [
      0.002004579408094287,
      0.0018345959251746535,
      0.0018058855785056949,
      0.0017789441626518965,
      0.001760573941282928,
      0.001747729955241084,
      0.0017458188813179731,
      0.0017374870367348194,
      0.0017357601318508387,
      0.0017246449133381248
    ],
    "kmeans_inertia": 102917.1953125,
    "kmeans_silhouette": 0.045415472239255905,
    "accuracy_vs_true": 0.38545,
    "adjusted_rand_index": 0.05243965453835121
  },
  "timing": {
    "total_seconds": 33.235020875930786,
    "data_generation_seconds": 3.3158276081085205
  },
  "auto_sweep": {
    "used": false,
    "metric": null,
    "sweep_samples": null
  }
}