{
  "cipher": "speck3264",
  "scenario": "related-key",
  "rounds": 5,
  "pairs": 8,
  "input_difference": "0x400000",
  "input_diff_int": 4194304,
  "key_bit": 25,
  "samples": 20000,
  "pca_components": 16,
  "kmeans_k": 2,
  "use_gpu": true,
  "results": {
    "pca_explained_variance_ratio": [
      0.006435889285057783,
      0.002137074014171958,
      0.0021016683895140886,
      0.0020894359331578016,
      0.0020759589970111847,
      0.0020597849506884813,
      0.002032557735219598,
      0.0020223413594067097,
      0.0020155170932412148,
      0.0020040010567754507
    ],
    "kmeans_inertia": 121355.25,
    "kmeans_silhouette": 0.13681600987911224,
    "accuracy_vs_true": 0.94035,
    "adjusted_rand_index": 0.7756213311160948
  },
  "timing": {
    "total_seconds": 52.34903025627136,
    "data_generation_seconds": 5.298671245574951
  },
  "auto_sweep": {
    "used": false,
    "metric": null,
    "sweep_samples": null
  }
}