{
  "cipher": "present80",
  "scenario": "related-key",
  "rounds": 8,
  "pairs": 8,
  "input_difference": "0x0000000000000080",
  "input_diff_int": 128,
  "key_bit": 56,
  "samples": 50000,
  "pca_components": 16,
  "kmeans_k": 2,
  "use_gpu": true,
  "results": {
    "pca_explained_variance_ratio": [
      0.0010642240522429347,
      0.0008663613116368651,
      0.0008633926627226174,
      0.0008578242850489914,
      0.000853195320814848,
      0.0008468968444503844,
      0.0008420527447015047,
      0.0008412449387833476,
      0.0008397016790695488,
      0.000837960687931627
    ],
    "kmeans_inertia": 249698.03125,
    "kmeans_silhouette": 0.04940705746412277,
    "accuracy_vs_true": 0.3277,
    "adjusted_rand_index": 0.1187316364081182
  },
  "timing": {
    "total_seconds": 304.4271311759949,
    "data_generation_seconds": 21.962246656417847
  },
  "auto_sweep": {
    "used": false,
    "metric": null,
    "sweep_samples": null
  }
}