{
  "cipher": "speck3264",
  "scenario": "related-key",
  "rounds": 8,
  "pairs": 8,
  "input_difference": "0x40000000000000",
  "input_diff_int": 18014398509481984,
  "key_bit": 9,
  "samples": 10000,
  "pca_components": 16,
  "kmeans_k": 2,
  "use_gpu": true,
  "results": {
    "pca_explained_variance_ratio": [
      0.004496706183999777,
      0.002216590102761984,
      0.00219392660073936,
      0.002171372063457966,
      0.0021371624898165464,
      0.0021053210366517305,
      0.002097473479807377,
      0.0020889269653707743,
      0.002076260047033429,
      0.0020690406672656536
    ],
    "kmeans_inertia": 62341.5,
    "kmeans_silhouette": 0.09525718539953232,
    "accuracy_vs_true": 0.8425,
    "adjusted_rand_index": 0.46917294361096795
  },
  "timing": {
    "total_seconds": 28.948261976242065,
    "data_generation_seconds": 1.8130102157592773
  },
  "auto_sweep": {
    "used": false,
    "metric": null,
    "sweep_samples": null
  }
}