{
  "cipher": "speck3264",
  "scenario": "related-key",
  "rounds": 4,
  "pairs": 4,
  "input_difference": "0x400000",
  "input_diff_int": 4194304,
  "key_bit": 25,
  "samples": 20000,
  "pca_components": 16,
  "kmeans_k": 2,
  "use_gpu": true,
  "results": {
    "pca_explained_variance_ratio": [
      0.02242400497198105,
      0.005501274950802326,
      0.005458342842757702,
      0.005415264051407576,
      0.004505855962634087,
      0.004393909592181444,
      0.004361631348729134,
      0.004327877890318632,
      0.004165505524724722,
      0.00410927040502429
    ],
    "kmeans_inertia": 131786.53125,
    "kmeans_silhouette": 0.21049939095973969,
    "accuracy_vs_true": 0.9703,
    "adjusted_rand_index": 0.8847226127754507
  },
  "timing": {
    "total_seconds": 45.212677001953125,
    "data_generation_seconds": 3.645179510116577
  },
  "auto_sweep": {
    "used": false,
    "metric": null,
    "sweep_samples": null
  }
}