{
  "cipher": "present80",
  "scenario": "related-key",
  "rounds": 7,
  "pairs": 8,
  "input_difference": "0x800000000000000080000000000000000001",
  "input_diff_int": 11150372599265311571372322046131495340343297,
  "key_bit": null,
  "samples": 50000,
  "pca_components": 16,
  "kmeans_k": 2,
  "use_gpu": true,
  "results": {
    "pca_explained_variance_ratio": [
      0.0008464453858323395,
      0.0008440365782007575,
      0.0008403393439948559,
      0.0008368896087631583,
      0.0008358807535842061,
      0.0008328998228535056,
      0.0008305626106448472,
      0.0008294533472508192,
      0.0008272324339486659,
      0.0008255334105342627
    ],
    "kmeans_inertia": 244434.25,
    "kmeans_silhouette": 0.04035358875989914,
    "accuracy_vs_true": 0.50108,
    "adjusted_rand_index": -1.5334983701461734e-05
  },
  "timing": {
    "total_seconds": 156.1984679698944,
    "data_generation_seconds": 9.509349822998047
  },
  "auto_sweep": {
    "used": false,
    "metric": null,
    "sweep_samples": null
  }
}