{
  "cipher": "simmeck3264",
  "scenario": "related-key",
  "rounds": 13,
  "pairs": 2,
  "input_difference": "0x40",
  "input_diff_int": 64,
  "key_bit": 57,
  "samples": 20000,
  "pca_components": 16,
  "kmeans_k": 2,
  "use_gpu": true,
  "results": {
    "pca_explained_variance_ratio": [
      0.006077149882912636,
      0.006020986940711737,
      0.0059893629513680935,
      0.005960306152701378,
      0.005918979179114103,
      0.005899500101804733,
      0.005866993218660355,
      0.0058494252152740955,
      0.00582539290189743,
      0.005786999594420195
    ],
    "kmeans_inertia": 85939.5546875,
    "kmeans_silhouette": 0.041557397693395615,
    "accuracy_vs_true": 0.49395,
    "adjusted_rand_index": 9.642870129057871e-05
  },
  "timing": {
    "total_seconds": 43.30142951011658,
    "data_generation_seconds": 3.929563045501709
  },
  "auto_sweep": {
    "used": false,
    "metric": null,
    "sweep_samples": null
  }
}