{
  "cipher": "present80",
  "scenario": "related-key",
  "rounds": 8,
  "pairs": 16,
  "input_difference": "0x0000000000000080",
  "input_diff_int": 128,
  "key_bit": 56,
  "samples": 20000,
  "pca_components": 16,
  "kmeans_k": 2,
  "use_gpu": true,
  "results": {
    "pca_explained_variance_ratio": [
      0.0006861943402327597,
      0.0005967122269794345,
      0.0005934941582381725,
      0.0005922730779275298,
      0.000591287505812943,
      0.0005877998191863298,
      0.000585430592764169,
      0.0005852387985214591,
      0.0005834863986819983,
      0.0005827354616485536
    ],
    "kmeans_inertia": 138227.625,
    "kmeans_silhouette": 0.046053025871515274,
    "accuracy_vs_true": 0.31065,
    "adjusted_rand_index": 0.14337099121419056
  },
  "timing": {
    "total_seconds": 32.02106165885925,
    "data_generation_seconds": 3.495955467224121
  },
  "auto_sweep": {
    "used": false,
    "metric": null,
    "sweep_samples": null
  }
}