{
  "cipher": "present80",
  "scenario": "related-key",
  "rounds": 9,
  "pairs": 16,
  "input_difference": "0x0000000000000080",
  "input_diff_int": 128,
  "key_bit": 56,
  "samples": 20000,
  "pca_components": 16,
  "kmeans_k": 2,
  "use_gpu": true,
  "results": {
    "pca_explained_variance_ratio": [
      0.000594359589740634,
      0.00059333979152143,
      0.0005881639663130045,
      0.0005863474798388779,
      0.0005835911142639816,
      0.0005815746844746172,
      0.0005807997658848763,
      0.0005791673320345581,
      0.0005785892135463655,
      0.0005775248282589018
    ],
    "kmeans_inertia": 136586.34375,
    "kmeans_silhouette": 0.0408162958920002,
    "accuracy_vs_true": 0.49685,
    "adjusted_rand_index": -1.031077105396287e-05
  },
  "timing": {
    "total_seconds": 114.49881100654602,
    "data_generation_seconds": 9.112494945526123
  },
  "auto_sweep": {
    "used": false,
    "metric": null,
    "sweep_samples": null
  }
}