epoch,acc,learning_rate,loss,val_acc,val_loss
0,0.9923809766769409,0.0020000000949949026,0.11862275749444962,0.8164299726486206,0.20280379056930542
1,0.9986140131950378,0.0017888889415189624,0.013659893535077572,0.9691500067710876,0.043537773191928864
2,0.9988800287246704,0.0015777777880430222,0.00781868863850832,0.5315700173377991,0.4156324863433838
3,0.9989749789237976,0.001366666634567082,0.006493768189102411,0.7605199813842773,0.18962876498699188
4,0.999101996421814,0.0011555555975064635,0.005327623337507248,0.5,0.4912649691104889
5,0.9991750121116638,0.0009444444440305233,0.004599723499268293,0.6567599773406982,0.2845211923122406
6,0.9992709755897522,0.000733333348762244,0.0038745691999793053,0.6441699862480164,0.30620938539505005
