{
  "cipher": "speck3264",
  "scenario": "related-key",
  "rounds": 5,
  "pairs": 8,
  "input_difference": "0x400000",
  "input_diff_int": 4194304,
  "key_bit": 9,
  "samples": 50000,
  "pca_components": 16,
  "kmeans_k": 2,
  "use_gpu": true,
  "results": {
    "pca_explained_variance_ratio": [
      0.006369629874825478,
      0.0019742909353226423,
      0.001973050646483898,
      0.0019585860427469015,
      0.0019464950310066342,
      0.0019354402320459485,
      0.001907345955260098,
      0.0019003294873982668,
      0.0018945998745039105,
      0.001883191056549549
    ],
    "kmeans_inertia": 285771.25,
    "kmeans_silhouette": 0.14326879382133484,
    "accuracy_vs_true": 0.94228,
    "adjusted_rand_index": 0.7824420636266457
  },
  "timing": {
    "total_seconds": 220.25478744506836,
    "data_generation_seconds": 17.352534532546997
  },
  "auto_sweep": {
    "used": false,
    "metric": null,
    "sweep_samples": null
  }
}