{
  "cipher": "present80",
  "scenario": "related-key",
  "rounds": 7,
  "pairs": 2,
  "input_difference": "0x0000000000000080",
  "input_diff_int": 128,
  "key_bit": 56,
  "samples": 20000,
  "pca_components": 16,
  "kmeans_k": 2,
  "use_gpu": true,
  "results": {
    "pca_explained_variance_ratio": [
      0.008231411688029766,
      0.006305070128291845,
      0.005731214303523302,
      0.005080499220639467,
      0.004771257285028696,
      0.004202515818178654,
      0.003947812132537365,
      0.003930910490453243,
      0.0034350669011473656,
      0.0033858707174658775
    ],
    "kmeans_inertia": 120835.2265625,
    "kmeans_silhouette": 0.11903352290391922,
    "accuracy_vs_true": 0.79325,
    "adjusted_rand_index": 0.3439522872125194
  },
  "timing": {
    "total_seconds": 97.99999690055847,
    "data_generation_seconds": 6.795581579208374
  },
  "auto_sweep": {
    "used": false,
    "metric": null,
    "sweep_samples": null
  }
}