{
  "cipher": "simmeck3264",
  "scenario": "related-key",
  "rounds": 15,
  "pairs": 4,
  "input_difference": "0x40",
  "input_diff_int": 64,
  "key_bit": 57,
  "samples": 20000,
  "pca_components": 16,
  "kmeans_k": 2,
  "use_gpu": true,
  "results": {
    "pca_explained_variance_ratio": [
      0.003231475129723549,
      0.0032117152586579323,
      0.0031946615781635046,
      0.0031941730994731188,
      0.003167133079841733,
      0.00316068809479475,
      0.003132003592327237,
      0.003115913597866893,
      0.0031062988564372063,
      0.003091564867645502
    ],
    "kmeans_inertia": 91965.8984375,
    "kmeans_silhouette": 0.04119909182190895,
    "accuracy_vs_true": 0.49925,
    "adjusted_rand_index": -4.77523671163518e-05
  },
  "timing": {
    "total_seconds": 51.262611865997314,
    "data_generation_seconds": 6.87569260597229
  },
  "auto_sweep": {
    "used": false,
    "metric": null,
    "sweep_samples": null
  }
}