{
  "cipher": "simmeck3264",
  "scenario": "related-key",
  "rounds": 14,
  "pairs": 8,
  "input_difference": "0x40",
  "input_diff_int": 64,
  "key_bit": 57,
  "samples": 20000,
  "pca_components": 16,
  "kmeans_k": 2,
  "use_gpu": true,
  "results": {
    "pca_explained_variance_ratio": [
      0.0017667098436504602,
      0.0017640178557485342,
      0.0017598618287593126,
      0.0017422620439901948,
      0.0017402772791683674,
      0.0017273297999054193,
      0.0017260460881516337,
      0.0017221530433744192,
      0.0017147467005997896,
      0.0017088977620005608
    ],
    "kmeans_inertia": 101241.1484375,
    "kmeans_silhouette": 0.04117473587393761,
    "accuracy_vs_true": 0.5063,
    "adjusted_rand_index": 0.00010876613826577494
  },
  "timing": {
    "total_seconds": 53.838486433029175,
    "data_generation_seconds": 5.733520746231079
  },
  "auto_sweep": {
    "used": false,
    "metric": null,
    "sweep_samples": null
  }
}